Time, Volume, Harmonicity
0, 0, 0
0.02, 0, 0
0.1557422, 0, 0
0.1800471, 0, 0
0.183646, 0, 0
0.1920827, 0, 0
0.1964414, 0, 0
0.1979113, 0, 0
0.2008238, 0, 0
0.204398, 0, 0
0.2071449, 0, 0
0.2107171, 0, 0
0.213244, 0, 0
0.2161158, 0, 0
0.219118, 0, 0
0.2221597, 0, 0
0.2249144, 0, 0
0.2277542, 0, 0
0.230518, 0, 0
0.2326095, 0, 0
0.2347215, 0, 0
0.236813, 0, 0
0.2384299, 0, 0
0.2404268, 0, 0
0.2424245, 0, 0
0.2446691, 0, 0
0.2476106, 0, 0
0.2498237, 0, 0
0.2520538, 0, 0
0.2542213, 0, 0
0.2563126, 0, 0
0.2585162, 0, 0
0.2606792, 0, 0
0.2628317, 0, 0
0.2654796, 0, 0
0.26861, 0, 0
0.2707219, 0, 0
0.2732342, 0, 0
0.2797049, 0, 0
0.2822275, 0, 0
0.2844464, 0, 0
0.2868231, 0, 0
0.2893128, 0, 0
0.2915156, 0, 0
0.2942409, 0, 0
0.2965167, 0, 0
0.2995413, 0, 0
0.3030192, 0, 0
0.305771, 0, 0
0.3082214, 0, 0
0.3110909, 0, 0
0.314063, 0, 0
0.3169563, 0, 0
0.3197096, 0, 0
0.3226832, 0, 0
0.3253148, 0, 0
0.3280815, 0, 0
0.3308965, 0, 0
0.3336388, 0, 0
0.3365439, 0, 0
0.3391029, 0, 0
0.3418049, 0, 0
0.3447195, 0, 0
0.3476262, 0, 0
0.3506275, 0, 0
0.3536287, 0, 0
0.3561385, 0, 0
0.3587508, 0, 0
0.3615417, 0, 0
0.3643337, 0, 0
0.3673175, 0, 0
0.3702295, 0, 0
0.3727005, 0, 0
0.3753319, 0, 0
0.3780348, 0, 0
0.3809383, 0, 0
0.3838373, 0, 0
0.3867916, 0, 0
0.3903057, 0, 0
0.3930561, 0, 0
0.3959839, 0, 0
0.3990532, 0, 0
0.4013232, 0, 0
0.4045996, 0, 0
0.4073814, 0, 0
0.410481, 0, 0
0.4127382, 0, 0
0.4155394, 0, 0
0.4183075, 0, 0
0.4215011, 0, 0
0.424123, 0, 0
0.4272346, 0, 0
0.4302303, 0, 0
0.4326102, 0, 0
0.4349391, 0, 0
0.4379204, 0, 0
0.4405116, 0, 0
0.4446764, 0, 0
0.4462641, 0, 0
0.4492348, 0, 0
0.4523628, 0, 0
0.4555467, 0, 0
0.4581193, 0, 0
0.4606398, 0, 0
0.4632957, 0, 0
0.4659472, 0, 0
0.4683263, 0, 0
0.4709637, 0, 0
0.4734164, 0, 0
0.4762293, 0, 0
0.4786524, 0, 0
0.4814483, 0, 0
0.4846942, 0, 0
0.4873718, 0, 0
0.4898297, 0, 0
0.4925272, 0, 0
0.495381, 0, 0
0.4982263, 0, 0
0.5008226, 0, 0
0.5039248, 0, 0
0.5068281, 0, 0
0.5096178, 0, 0
0.5123544, 0, 0
0.5151539, 0, 0
0.51781, 0, 0
0.5209433, 0, 0
0.523454, 0, 0
0.5261325, 0, 0
0.5289921, 0, 0
0.5317394, 0, 0
0.5341325, 0, 0
0.5371946, 0, 0
0.5402321, 0, 0
0.5430253, 0, 0
0.5457968, 0, 0
0.5488448, 0, 0
0.5513193, 0, 0
0.5544126, 0, 0
0.5571094, 0, 0
0.5595348, 0, 0
0.561834, 0, 0
0.5642332, 0, 0
0.5671228, 0, 0
0.5694391, 0, 0
0.5719391, 0, 0
0.5746107, 0, 0
0.5770821, 0, 0
0.5793074, 0, 0
0.5819392, 0, 0
0.584316, 0, 0
0.5869266, 0, 0
0.5893158, 0, 0
0.5923446, 0, 0
0.5949775, 0, 0
0.5978299, 0, 0
0.6012247, 0, 0
0.6042323, 0, 0
0.6071151, 0, 0
0.6099305, 0, 0
0.6125715, 0, 0
0.6154158, 0, 0
0.6180179, 0, 0
0.62116, 0, 0
0.6235257, 0, 0
0.6259263, 0, 0
0.6283077, 0, 0
0.630613, 0, 0
0.6332117, 0, 0
0.6361645, 0, 0
0.6390135, 0, 0
0.641914, 0, 0
0.6447369, 0, 0
0.6481289, 0, 0
0.6507191, 0, 0
0.653053, 0, 0
0.6584421, 0, 0
0.6617089, 0, 0
0.6644116, 0, 0
0.6674194, 0, 0
0.6699114, 0, 0
0.6725154, 0, 0
0.6753341, 0, 0
0.6781114, 0, 0
0.6809529, 0, 0
0.6835294, 0, 0
0.686321, 0, 0
0.6889206, 0, 0
0.6918302, 0, 0
0.694823, 0, 0
0.6969184, 0, 0
0.6997191, 0, 0
0.7024618, 0, 0
0.7049462, 0, 0
0.7078201, 0, 0
0.7107748, 0, 0
0.7130341, 0, 0
0.7153174, 0, 0
0.7176698, 0, 0
0.7209342, 0, 0
0.723322, 0, 0
0.7261713, 0, 0
0.729001, 0, 0
0.7318436, 0, 0
0.7342121, 0, 0
0.7372863, 0, 0
0.7401181, 0, 0
0.7429261, 0, 0
0.7455382, 0, 0
0.7482932, 0, 0
0.7512252, 0, 0
0.7542851, 0, 0
0.7567292, 0, 0
0.7596152, 0, 0
0.7622092, 0, 0
0.7649152, 0, 0
0.767893, 0, 0
0.7707852, 0, 0
0.7735146, 0, 0
0.7763242, 0, 0
0.7790224, 0, 0
0.7813586, 0, 0
0.7839438, 0, 0
0.7867817, 0, 0
0.7893249, 0, 0
0.7921276, 0, 0
0.7944191, 0, 0
0.7968249, 0, 0
0.7993458, 0, 0
0.80213, 0, 0
0.8050342, 0, 0
0.8079101, 0, 0
0.8107582, 0, 0
0.8137572, 0, 0
0.8168563, 0, 0
0.8197966, 0, 0
0.8224602, 0, 0
0.825219, 0, 0
0.8279381, 0, 0
0.8307261, 0, 0
0.8332942, 0, 0
0.8356881, 0, 0
0.8383232, 0, 0
0.8411372, 0, 0
0.843766, 0, 0
0.8458259, 0, 0
0.8484176, 0, 0
0.8511474, 0, 0
0.8542312, 0, 0
0.8567195, 0, 0
0.8595321, 0, 0
0.8623336, 0, 0
0.865213, 0, 0
0.8680319, 0, 0
0.8706023, 0, 0
0.8731163, 0, 0
0.8760396, 0, 0
0.8783971, 0, 0
0.8807084, 0, 0
0.8863209, 0, 0
0.8889709, 0, 0
0.8916276, 0, 0
0.8944953, 0, 0
0.8968236, 0, 0
0.8999357, 0, 0
0.9022623, 0, 0
0.9054298, 0, 0
0.9152129, -49.85202, 0.9000918
0.9179366, -49.85202, 0.9000918
0.9207113, -49.85202, 0.9000918
0.9232653, -49.85202, 0.9000918
0.9259569, -49.85202, 0.9000918
0.9286411, -49.85202, 0.9000918
0.9319435, -50.64223, 0.9213752
0.9348437, -50.64223, 0.9213752
0.9380489, -50.64223, 0.9213752
0.9407079, -50.64223, 0.9213752
0.9430296, -50.64223, 0.9213752
0.94547, -50.64223, 0.9213752
0.9479153, -50.64223, 0.9213752
0.950739, -50.65149, 0.8957638
0.9531304, -50.65149, 0.8957638
0.9556494, -50.65149, 0.8957638
0.9584249, -50.65149, 0.8957638
0.9612566, -50.65149, 0.8957638
0.9640478, -50.65149, 0.8957638
0.9671154, -50.65149, 0.8957638
0.9698103, -50.65149, 0.8957638
0.9724476, -50.65149, 0.8957638
0.9751991, -50.65149, 0.8957638
0.9775618, -50.65149, 0.8957638
0.9800244, -50.65149, 0.8957638
1.005109, -50.65149, 0.8957638
1.045681, -50.65149, 0.8957638
1.05697, -50.65149, 0.8957638
1.065089, -50.65149, 0.8957638
1.067178, -50.65149, 0.8957638
1.074017, -50.65149, 0.8957638
1.080053, -50.65149, 0.8957638
1.083012, -50.65149, 0.8957638
1.090422, -50.65149, 0.8957638
1.095868, -50.65149, 0.8957638
1.097623, -50.65149, 0.8957638
1.100768, -50.65149, 0.8957638
1.107536, -50.65149, 0.8957638
1.113394, -50.65149, 0.8957638
1.11536, -50.65149, 0.8957638
1.121913, -50.65149, 0.8957638
1.12915, -50.65149, 0.8957638
1.130831, -50.65149, 0.8957638
1.133975, -50.65149, 0.8957638
1.140807, -50.65149, 0.8957638
1.14742, -50.65149, 0.8957638
1.148998, -50.65149, 0.8957638
1.151644, -50.65149, 0.8957638
1.158794, -50.65149, 0.8957638
1.160544, -50.65149, 0.8957638
1.163569, -50.65149, 0.8957638
1.166597, -50.65149, 0.8957638
1.169555, -50.65149, 0.8957638
1.177046, -50.65149, 0.8957638
1.17863, -50.65149, 0.8957638
1.181711, -50.65149, 0.8957638
1.188748, -50.65149, 0.8957638
1.191123, -50.65149, 0.8957638
1.193886, -50.65149, 0.8957638
1.196928, -50.65149, 0.8957638
1.199625, -50.65149, 0.8957638
1.207381, -50.65149, 0.8957638
1.210348, -50.65149, 0.8957638
1.213236, -50.65149, 0.8957638
1.216329, -50.65149, 0.8957638
1.223854, -50.65149, 0.8957638
1.225532, -50.65149, 0.8957638
1.228399, -50.65149, 0.8957638
1.231131, -50.65149, 0.8957638
1.233786, -50.65149, 0.8957638
1.24089, -50.65149, 0.8957638
1.246943, -50.65149, 0.8957638
1.248792, -50.65149, 0.8957638
1.256015, -50.65149, 0.8957638
1.261965, -50.65149, 0.8957638
1.26894, -50.65149, 0.8957638
1.276963, -50.65149, 0.8957638
1.282918, -50.65149, 0.8957638
1.288463, -50.65149, 0.8957638
1.293974, -50.65149, 0.8957638
1.296332, -50.65149, 0.8957638
1.2992, -50.65149, 0.8957638
1.305751, -50.65149, 0.8957638
1.31074, -50.65149, 0.8957638
1.313639, -50.65149, 0.8957638
1.317038, -50.65149, 0.8957638
1.323628, -50.65149, 0.8957638
1.329048, -50.65149, 0.8957638
1.330604, -50.65149, 0.8957638
1.3335, -50.65149, 0.8957638
1.340531, -50.65149, 0.8957638
1.346523, -50.65149, 0.8957638
1.348485, -50.65149, 0.8957638
1.355533, -50.65149, 0.8957638
1.362439, -50.65149, 0.8957638
1.364128, -50.65149, 0.8957638
1.36722, -50.65149, 0.8957638
1.370654, -50.65149, 0.8957638
1.377865, -50.65149, 0.8957638
1.380222, -50.65149, 0.8957638
1.383304, -50.65149, 0.8957638
1.390962, -50.65149, 0.8957638
1.397036, -50.65149, 0.8957638
1.399761, -50.65149, 0.8957638
1.407356, -50.65149, 0.8957638
1.413164, -50.65149, 0.8957638
1.415552, -50.65149, 0.8957638
1.422869, -50.65149, 0.8957638
1.430567, -50.65149, 0.8957638
1.432377, -50.65149, 0.8957638
1.439622, -50.65149, 0.8957638
1.445664, -50.65149, 0.8957638
1.447431, -50.65149, 0.8957638
1.450623, -50.65149, 0.8957638
1.456901, -50.65149, 0.8957638
1.462299, -50.65149, 0.8957638
1.465398, -50.65149, 0.8957638
1.472563, -50.65149, 0.8957638
1.477752, -50.65149, 0.8957638
1.479448, -50.65149, 0.8957638
1.482868, -50.65149, 0.8957638
1.490327, -50.65149, 0.8957638
1.496181, -50.65149, 0.8957638
1.497996, -50.65149, 0.8957638
1.500928, -50.65149, 0.8957638
1.503542, -50.65149, 0.8957638
1.50612, -50.65149, 0.8957638
1.508955, -50.65149, 0.8957638
1.511679, -50.65149, 0.8957638
1.514125, -50.65149, 0.8957638
1.516639, -50.65149, 0.8957638
1.519079, -50.65149, 0.8957638
1.521812, -50.65149, 0.8957638
1.524719, -50.65149, 0.8957638
1.52744, -50.65149, 0.8957638
1.529923, -50.65149, 0.8957638
1.532314, -50.65149, 0.8957638
1.535035, -50.65149, 0.8957638
1.538129, -50.65149, 0.8957638
1.54051, -50.65149, 0.8957638
1.543862, -50.65149, 0.8957638
1.546438, -50.65149, 0.8957638
1.549023, -50.65149, 0.8957638
1.551534, -50.65149, 0.8957638
1.553815, -50.65149, 0.8957638
1.556225, -50.65149, 0.8957638
1.55904, -50.65149, 0.8957638
1.561433, -50.65149, 0.8957638
1.563966, -50.65149, 0.8957638
1.566927, -50.65149, 0.8957638
1.569719, -50.65149, 0.8957638
1.572417, -50.65149, 0.8957638
1.575133, -50.65149, 0.8957638
1.57752, -50.65149, 0.8957638
1.579911, -50.65149, 0.8957638
1.58282, -50.65149, 0.8957638
1.58521, -50.65149, 0.8957638
1.587813, -50.65149, 0.8957638
1.590115, -50.65149, 0.8957638
1.592623, -50.65149, 0.8957638
1.594956, -50.65149, 0.8957638
1.59733, -50.65149, 0.8957638
1.600515, -50.65149, 0.8957638
1.603314, -50.65149, 0.8957638
1.605713, -50.65149, 0.8957638
1.608119, -50.65149, 0.8957638
1.610742, -50.65149, 0.8957638
1.61362, -50.65149, 0.8957638
1.616623, -50.65149, 0.8957638
1.619433, -50.65149, 0.8957638
1.622626, -50.65149, 0.8957638
1.625415, -50.65149, 0.8957638
1.628118, -50.65149, 0.8957638
1.630631, -50.65149, 0.8957638
1.633529, -50.65149, 0.8957638
1.636324, -50.65149, 0.8957638
1.639019, -50.65149, 0.8957638
1.641835, -50.65149, 0.8957638
1.644706, -50.65149, 0.8957638
1.647217, -50.65149, 0.8957638
1.650111, -50.65149, 0.8957638
1.652699, -50.65149, 0.8957638
1.65585, -50.65149, 0.8957638
1.658628, -50.65149, 0.8957638
1.661511, -50.65149, 0.8957638
1.664362, -50.65149, 0.8957638
1.666912, -50.65149, 0.8957638
1.669413, -50.65149, 0.8957638
1.672238, -50.65149, 0.8957638
1.674832, -50.65149, 0.8957638
1.677647, -50.65149, 0.8957638
1.680293, -50.65149, 0.8957638
1.683231, -50.65149, 0.8957638
1.685717, -50.65149, 0.8957638
1.688413, -50.65149, 0.8957638
1.690731, -50.65149, 0.8957638
1.693106, -50.65149, 0.8957638
1.695522, -50.65149, 0.8957638
1.697933, -50.65149, 0.8957638
1.700425, -50.65149, 0.8957638
1.702822, -50.65149, 0.8957638
1.705515, -50.65149, 0.8957638
1.707917, -50.65149, 0.8957638
1.7107, -50.65149, 0.8957638
1.712999, -50.65149, 0.8957638
1.715442, -50.65149, 0.8957638
1.718121, -50.65149, 0.8957638
1.720925, -50.65149, 0.8957638
1.723223, -50.65149, 0.8957638
1.726256, -50.65149, 0.8957638
1.729115, -50.65149, 0.8957638
1.731833, -50.65149, 0.8957638
1.734241, -50.65149, 0.8957638
1.736716, -50.65149, 0.8957638
1.739213, -50.65149, 0.8957638
1.741928, -50.65149, 0.8957638
1.744323, -50.65149, 0.8957638
1.746707, -50.65149, 0.8957638
1.749417, -50.65149, 0.8957638
1.752131, -50.65149, 0.8957638
1.75492, -50.65149, 0.8957638
1.757737, -50.65149, 0.8957638
1.760473, -50.65149, 0.8957638
1.763013, -50.65149, 0.8957638
1.766054, -50.65149, 0.8957638
1.774461, -50.65149, 0.8957638
1.78084, -50.65149, 0.8957638
1.784508, -50.65149, 0.8957638
1.791727, -50.65149, 0.8957638
1.793662, -50.65149, 0.8957638
1.796671, -50.65149, 0.8957638
1.7997, -50.65149, 0.8957638
1.80759, -50.65149, 0.8957638
1.811748, -50.65149, 0.8957638
1.814756, -50.65149, 0.8957638
1.817693, -50.65149, 0.8957638
1.824768, -50.65149, 0.8957638
1.828359, -50.65149, 0.8957638
1.831252, -50.65149, 0.8957638
1.838672, -50.65149, 0.8957638
1.845569, -50.65149, 0.8957638
1.854931, -50.65149, 0.8957638
1.860494, -50.65149, 0.8957638
1.862342, -50.65149, 0.8957638
1.865573, -50.65149, 0.8957638
1.873398, -50.65149, 0.8957638
1.879018, -50.65149, 0.8957638
1.880848, -50.65149, 0.8957638
1.884639, -50.65149, 0.8957638
1.890615, -50.65149, 0.8957638
1.897399, -50.65149, 0.8957638
1.899404, -50.65149, 0.8957638
1.906628, -50.65149, 0.8957638
1.912793, -50.65149, 0.8957638
1.915719, -50.65149, 0.8957638
1.92264, -50.65149, 0.8957638
1.928286, -50.65149, 0.8957638
1.930062, -50.65149, 0.8957638
1.933439, -50.65149, 0.8957638
1.941197, -50.65149, 0.8957638
1.947441, -50.65149, 0.8957638
1.949446, -50.65149, 0.8957638
1.956689, -50.65149, 0.8957638
1.963445, -50.65149, 0.8957638
1.965389, -50.65149, 0.8957638
1.972759, -50.65149, 0.8957638
1.980277, -50.65149, 0.8957638
1.983452, -50.65149, 0.8957638
1.989919, -50.65149, 0.8957638
1.99526, -50.65149, 0.8957638
1.99773, -50.65149, 0.8957638
2.001173, -50.65149, 0.8957638
2.007731, -50.65149, 0.8957638
2.013329, -50.65149, 0.8957638
2.015301, -50.65149, 0.8957638
2.022842, -50.65149, 0.8957638
2.028945, -50.65149, 0.8957638
2.030643, -50.65149, 0.8957638
2.034057, -50.65149, 0.8957638
2.04149, -50.65149, 0.8957638
2.047331, -50.65149, 0.8957638
2.049062, -50.65149, 0.8957638
2.051659, -50.65149, 0.8957638
2.058845, -50.65149, 0.8957638
2.065799, -50.65149, 0.8957638
2.072369, -50.65149, 0.8957638
2.078317, -50.65149, 0.8957638
2.080735, -50.65149, 0.8957638
2.083861, -50.65149, 0.8957638
2.090345, -50.65149, 0.8957638
2.095968, -50.65149, 0.8957638
2.097632, -50.65149, 0.8957638
2.100991, -50.65149, 0.8957638
2.107802, -50.65149, 0.8957638
2.113096, -50.65149, 0.8957638
2.115092, -50.65149, 0.8957638
2.122206, -50.65149, 0.8957638
2.129751, -50.65149, 0.8957638
2.131512, -50.65149, 0.8957638
2.134521, -50.65149, 0.8957638
2.137267, -50.65149, 0.8957638
2.139506, -50.65149, 0.8957638
2.142353, -50.65149, 0.8957638
2.145047, -50.65149, 0.8957638
2.147705, -50.65149, 0.8957638
2.150798, -50.65149, 0.8957638
2.153311, -50.65149, 0.8957638
2.155918, -50.65149, 0.8957638
2.158732, -50.65149, 0.8957638
2.16161, -50.65149, 0.8957638
2.164331, -50.65149, 0.8957638
2.166759, -50.65149, 0.8957638
2.169044, -50.65149, 0.8957638
2.171733, -50.65149, 0.8957638
2.174632, -50.65149, 0.8957638
2.17742, -50.65149, 0.8957638
2.179834, -50.65149, 0.8957638
2.182333, -50.65149, 0.8957638
2.184617, -50.65149, 0.8957638
2.187824, -50.65149, 0.8957638
2.190516, -50.65149, 0.8957638
2.193207, -50.65149, 0.8957638
2.195774, -50.65149, 0.8957638
2.198539, -50.65149, 0.8957638
2.201234, -50.65149, 0.8957638
2.203614, -50.65149, 0.8957638
2.206021, -50.65149, 0.8957638
2.208333, -50.65149, 0.8957638
2.210629, -50.65149, 0.8957638
2.213013, -50.65149, 0.8957638
2.21542, -50.65149, 0.8957638
2.217913, -50.65149, 0.8957638
2.220466, -50.65149, 0.8957638
2.222837, -50.65149, 0.8957638
2.225226, -50.65149, 0.8957638
2.227603, -50.65149, 0.8957638
2.23034, -50.65149, 0.8957638
2.233248, -50.65149, 0.8957638
2.235563, -50.65149, 0.8957638
2.238774, -50.65149, 0.8957638
2.241412, -50.65149, 0.8957638
2.244134, -50.65149, 0.8957638
2.246624, -50.65149, 0.8957638
2.249418, -50.65149, 0.8957638
2.252209, -50.65149, 0.8957638
2.254955, -50.65149, 0.8957638
2.257721, -50.65149, 0.8957638
2.260476, -50.65149, 0.8957638
2.262718, -50.65149, 0.8957638
2.265142, -50.65149, 0.8957638
2.267714, -50.65149, 0.8957638
2.270132, -50.65149, 0.8957638
2.272708, -50.65149, 0.8957638
2.27501, -50.65149, 0.8957638
2.277931, -50.65149, 0.8957638
2.280421, -50.65149, 0.8957638
2.28302, -50.65149, 0.8957638
2.285655, -50.65149, 0.8957638
2.288159, -50.65149, 0.8957638
2.29092, -50.65149, 0.8957638
2.293789, -50.65149, 0.8957638
2.296032, -50.65149, 0.8957638
2.298448, -50.65149, 0.8957638
2.300811, -50.65149, 0.8957638
2.303644, -50.65149, 0.8957638
2.306013, -50.65149, 0.8957638
2.308424, -50.65149, 0.8957638
2.31099, -50.65149, 0.8957638
2.31383, -50.65149, 0.8957638
2.316622, -50.65149, 0.8957638
2.319364, -50.65149, 0.8957638
2.322442, -50.65149, 0.8957638
2.325109, -50.65149, 0.8957638
2.327544, -50.65149, 0.8957638
2.33004, -50.65149, 0.8957638
2.332934, -50.65149, 0.8957638
2.335358, -50.65149, 0.8957638
2.337924, -50.65149, 0.8957638
2.340225, -50.65149, 0.8957638
2.343065, -50.65149, 0.8957638
2.345441, -50.65149, 0.8957638
2.348233, -50.65149, 0.8957638
2.351214, -50.65149, 0.8957638
2.353527, -50.65149, 0.8957638
2.355913, -50.65149, 0.8957638
2.358724, -50.65149, 0.8957638
2.361261, -50.65149, 0.8957638
2.364026, -50.65149, 0.8957638
2.367017, -50.65149, 0.8957638
2.369326, -50.65149, 0.8957638
2.372123, -50.65149, 0.8957638
2.374948, -50.65149, 0.8957638
2.37767, -50.65149, 0.8957638
2.380428, -50.65149, 0.8957638
2.383556, -50.65149, 0.8957638
2.390911, -50.65149, 0.8957638
2.397247, -50.65149, 0.8957638
2.40566, -50.65149, 0.8957638
2.413907, -50.65149, 0.8957638
2.416085, -50.65149, 0.8957638
2.423951, -50.65149, 0.8957638
2.427779, -50.65149, 0.8957638
2.430758, -50.65149, 0.8957638
2.434161, -50.65149, 0.8957638
2.441854, -50.65149, 0.8957638
2.450225, -50.65149, 0.8957638
2.456946, -50.65149, 0.8957638
2.463049, -50.65149, 0.8957638
2.466203, -50.65149, 0.8957638
2.473613, -50.65149, 0.8957638
2.479143, -50.65149, 0.8957638
2.480937, -50.65149, 0.8957638
2.484201, -50.65149, 0.8957638
2.49196, -50.65149, 0.8957638
2.498566, -50.65149, 0.8957638
2.504993, -50.65149, 0.8957638
2.511929, -50.65149, 0.8957638
2.513739, -50.65149, 0.8957638
2.517009, -50.65149, 0.8957638
2.524364, -50.65149, 0.8957638
2.530742, -50.65149, 0.8957638
2.53378, -50.65149, 0.8957638
2.541346, -50.65149, 0.8957638
2.547127, -50.65149, 0.8957638
2.549088, -50.65149, 0.8957638
2.552321, -50.65149, 0.8957638
2.559381, -50.65149, 0.8957638
2.565235, -50.65149, 0.8957638
2.571259, -50.65149, 0.8957638
2.578619, -50.65149, 0.8957638
2.58035, -50.65149, 0.8957638
2.583561, -50.65149, 0.8957638
2.590426, -50.65149, 0.8957638
2.596713, -50.65149, 0.8957638
2.598509, -50.65149, 0.8957638
2.608629, -50.65149, 0.8957638
2.610463, -50.65149, 0.8957638
2.613333, -50.65149, 0.8957638
2.616672, -50.65149, 0.8957638
2.62384, -50.65149, 0.8957638
2.625664, -50.65149, 0.8957638
2.628593, -50.65149, 0.8957638
2.631233, -50.65149, 0.8957638
2.63423, -50.65149, 0.8957638
2.637294, -50.65149, 0.8957638
2.639815, -50.65149, 0.8957638
2.642535, -50.65149, 0.8957638
2.645317, -50.65149, 0.8957638
2.647615, -50.65149, 0.8957638
2.650517, -50.65149, 0.8957638
2.653113, -50.65149, 0.8957638
2.656135, -50.65149, 0.8957638
2.65831, -50.65149, 0.8957638
2.660777, -50.65149, 0.8957638
2.663617, -50.65149, 0.8957638
2.666128, -50.65149, 0.8957638
2.668645, -50.65149, 0.8957638
2.671621, -50.65149, 0.8957638
2.674007, -50.65149, 0.8957638
2.676533, -50.65149, 0.8957638
2.679232, -50.65149, 0.8957638
2.681906, -50.65149, 0.8957638
2.68983, -50.65149, 0.8957638
2.691544, -50.65149, 0.8957638
2.694423, -50.65149, 0.8957638
2.69744, -50.65149, 0.8957638
2.700346, -50.65149, 0.8957638
2.702964, -50.65149, 0.8957638
2.705628, -50.65149, 0.8957638
2.708436, -50.65149, 0.8957638
2.710777, -50.65149, 0.8957638
2.713218, -50.65149, 0.8957638
2.716202, -50.65149, 0.8957638
2.719071, -50.65149, 0.8957638
2.721724, -50.65149, 0.8957638
2.724616, -50.65149, 0.8957638
2.727532, -50.65149, 0.8957638
2.730316, -50.65149, 0.8957638
2.733236, -50.65149, 0.8957638
2.736189, -50.65149, 0.8957638
2.738987, -50.65149, 0.8957638
2.745766, -50.65149, 0.8957638
2.749056, -50.65149, 0.8957638
2.756648, -50.65149, 0.8957638
2.762727, -50.65149, 0.8957638
2.765474, -50.65149, 0.8957638
2.772852, -50.65149, 0.8957638
2.778835, -50.65149, 0.8957638
2.780874, -50.65149, 0.8957638
2.784299, -50.65149, 0.8957638
2.792792, -50.65149, 0.8957638
2.799456, -50.65149, 0.8957638
2.805407, -50.65149, 0.8957638
2.813356, -50.65149, 0.8957638
2.815377, -50.65149, 0.8957638
2.822606, -50.65149, 0.8957638
2.828928, -50.65149, 0.8957638
2.830848, -50.65149, 0.8957638
2.833951, -50.65149, 0.8957638
2.840879, -50.65149, 0.8957638
2.84677, -50.65149, 0.8957638
2.849831, -50.65149, 0.8957638
2.85703, -50.65149, 0.8957638
2.863118, -50.65149, 0.8957638
2.86511, -50.65149, 0.8957638
2.872766, -50.65149, 0.8957638
2.88073, -50.65149, 0.8957638
2.882524, -50.65149, 0.8957638
2.884985, -50.65149, 0.8957638
2.888157, -50.65149, 0.8957638
2.890916, -50.65149, 0.8957638
2.893789, -50.65149, 0.8957638
2.896138, -50.65149, 0.8957638
2.89909, -50.65149, 0.8957638
2.901415, -50.65149, 0.8957638
2.904557, -50.65149, 0.8957638
2.907451, -50.65149, 0.8957638
2.910218, -50.65149, 0.8957638
2.913134, -50.65149, 0.8957638
2.916032, -50.65149, 0.8957638
2.918812, -50.65149, 0.8957638
2.921833, -50.65149, 0.8957638
2.924733, -50.65149, 0.8957638
2.927561, -50.65149, 0.8957638
2.930447, -50.65149, 0.8957638
2.933334, -50.65149, 0.8957638
2.936562, -50.65149, 0.8957638
2.939041, -50.65149, 0.8957638
2.941842, -50.65149, 0.8957638
2.944729, -50.65149, 0.8957638
2.947535, -50.65149, 0.8957638
2.950731, -50.65149, 0.8957638
2.953701, -50.65149, 0.8957638
2.956444, -50.65149, 0.8957638
2.959367, -50.65149, 0.8957638
2.962182, -50.65149, 0.8957638
2.965183, -50.65149, 0.8957638
2.968145, -50.65149, 0.8957638
2.971159, -50.65149, 0.8957638
2.974146, -50.65149, 0.8957638
2.977174, -50.65149, 0.8957638
2.979985, -50.65149, 0.8957638
2.98334, -50.65149, 0.8957638
2.99088, -50.65149, 0.8957638
2.992641, -50.65149, 0.8957638
2.995046, -50.65149, 0.8957638
2.99793, -50.65149, 0.8957638
3.001187, -50.65149, 0.8957638
3.004311, -50.65149, 0.8957638
3.007127, -50.65149, 0.8957638
3.009817, -50.65149, 0.8957638
3.012662, -50.65149, 0.8957638
3.015468, -50.65149, 0.8957638
3.017851, -50.65149, 0.8957638
3.021272, -50.65149, 0.8957638
3.024184, -50.65149, 0.8957638
3.027174, -50.65149, 0.8957638
3.02984, -50.65149, 0.8957638
3.036747, -50.65149, 0.8957638
3.038827, -50.65149, 0.8957638
3.042132, -50.65149, 0.8957638
3.045011, -50.65149, 0.8957638
3.047643, -50.65149, 0.8957638
3.050686, -50.65149, 0.8957638
3.053442, -50.65149, 0.8957638
3.056216, -50.65149, 0.8957638
3.059134, -50.65149, 0.8957638
3.062008, -50.65149, 0.8957638
3.065039, -50.65149, 0.8957638
3.068065, -50.65149, 0.8957638
3.075551, -50.65149, 0.8957638
3.082705, -50.65149, 0.8957638
3.089437, -50.65149, 0.8957638
3.091556, -50.65149, 0.8957638
3.098989, -50.65149, 0.8957638
3.104923, -50.65149, 0.8957638
3.112076, -50.65149, 0.8957638
3.113937, -50.65149, 0.8957638
3.116933, -50.65149, 0.8957638
3.119793, -50.65149, 0.8957638
3.12754, -50.65149, 0.8957638
3.138459, -50.65149, 0.8957638
3.144491, -50.65149, 0.8957638
3.146333, -50.65149, 0.8957638
3.149844, -50.65149, 0.8957638
3.157584, -50.65149, 0.8957638
3.163576, -50.65149, 0.8957638
3.165619, -50.65149, 0.8957638
3.17275, -50.65149, 0.8957638
3.17932, -50.65149, 0.8957638
3.181047, -50.65149, 0.8957638
3.184232, -50.65149, 0.8957638
3.191273, -50.65149, 0.8957638
3.199332, -50.65149, 0.8957638
3.205926, -50.65149, 0.8957638
3.211694, -50.65149, 0.8957638
3.220269, -50.65149, 0.8957638
3.225859, -50.65149, 0.8957638
3.232302, -50.65149, 0.8957638
3.235509, -50.65149, 0.8957638
3.242679, -50.65149, 0.8957638
3.244426, -50.65149, 0.8957638
3.25419, -50.65149, 0.8957638
3.260728, -50.65149, 0.8957638
3.267363, -50.65149, 0.8957638
3.273491, -50.65149, 0.8957638
3.276112, -50.65149, 0.8957638
3.283188, -50.65149, 0.8957638
3.285186, -50.65149, 0.8957638
3.292778, -50.65149, 0.8957638
3.294564, -50.65149, 0.8957638
3.304614, -50.65149, 0.8957638
3.310737, -50.65149, 0.8957638
3.316802, -50.65149, 0.8957638
3.323753, -50.65149, 0.8957638
3.325558, -50.65149, 0.8957638
3.33284, -50.65149, 0.8957638
3.334776, -50.65149, 0.8957638
3.34301, -50.65149, 0.8957638
3.348924, -50.65149, 0.8957638
3.350463, -50.65149, 0.8957638
3.357152, -50.65149, 0.8957638
3.358999, -50.65149, 0.8957638
3.366108, -50.65149, 0.8957638
3.368087, -50.65149, 0.8957638
3.375463, -50.65149, 0.8957638
3.37715, -50.65149, 0.8957638
3.384013, -50.65149, 0.8957638
3.392108, -50.65149, 0.8957638
3.397553, -50.65149, 0.8957638
3.399432, -50.65149, 0.8957638
3.402638, -50.65149, 0.8957638
3.409676, -50.65149, 0.8957638
3.415152, -50.65149, 0.8957638
3.416973, -50.65149, 0.8957638
3.420678, -50.65149, 0.8957638
3.427523, -50.65149, 0.8957638
3.434899, -50.65149, 0.8957638
3.441679, -50.65149, 0.8957638
3.443343, -50.65149, 0.8957638
3.446195, -50.65149, 0.8957638
3.449225, -50.65149, 0.8957638
3.452605, -50.65149, 0.8957638
3.460052, -50.65149, 0.8957638
3.461864, -50.65149, 0.8957638
3.464722, -50.65149, 0.8957638
3.467612, -50.65149, 0.8957638
3.471281, -50.65149, 0.8957638
3.478411, -50.65149, 0.8957638
3.48012, -50.65149, 0.8957638
3.482852, -50.65149, 0.8957638
3.485815, -50.65149, 0.8957638
3.489209, -50.65149, 0.8957638
3.497453, -50.65149, 0.8957638
3.4991, -50.65149, 0.8957638
3.501625, -50.65149, 0.8957638
3.505145, -50.65149, 0.8957638
3.512547, -50.65149, 0.8957638
3.515437, -50.65149, 0.8957638
3.518031, -50.65149, 0.8957638
3.525893, -50.65149, 0.8957638
3.527653, -50.65149, 0.8957638
3.530511, -50.65149, 0.8957638
3.533543, -50.65149, 0.8957638
3.536381, -50.65149, 0.8957638
3.539491, -50.65149, 0.8957638
3.547241, -50.65149, 0.8957638
3.549033, -50.65149, 0.8957638
3.551926, -50.65149, 0.8957638
3.560062, -50.65149, 0.8957638
3.56174, -50.65149, 0.8957638
3.56462, -50.65149, 0.8957638
3.567746, -50.65149, 0.8957638
3.571305, -50.65149, 0.8957638
3.578833, -50.65149, 0.8957638
3.581845, -47.41075, 0.797723
3.58434, -47.41075, 0.797723
3.587176, -47.41075, 0.797723
3.594023, -47.41075, 0.797723
3.595838, -47.41075, 0.797723
3.598718, -47.41075, 0.797723
3.601134, -47.41075, 0.797723
3.604847, -47.41075, 0.797723
3.611929, -47.41075, 0.797723
3.613514, -47.41075, 0.797723
3.616246, -47.41075, 0.797723
3.618988, -47.41075, 0.797723
3.622, -47.41075, 0.797723
3.624931, -47.41075, 0.797723
3.627841, -47.41075, 0.797723
3.630623, -47.41075, 0.797723
3.633511, -47.41075, 0.797723
3.636435, -47.41075, 0.797723
3.639823, -47.41075, 0.797723
3.642634, -47.41075, 0.797723
3.64542, -47.41075, 0.797723
3.648444, -47.41075, 0.797723
3.650835, -47.41075, 0.797723
3.653822, -47.41075, 0.797723
3.656725, -47.41075, 0.797723
3.65943, -47.41075, 0.797723
3.662226, -47.41075, 0.797723
3.665125, -47.41075, 0.797723
3.667533, -47.41075, 0.797723
3.670422, -47.41075, 0.797723
3.673035, -47.41075, 0.797723
3.675816, -47.41075, 0.797723
3.678866, -47.41075, 0.797723
3.682667, -47.41075, 0.797723
3.690569, -47.41075, 0.797723
3.696648, -47.41075, 0.797723
3.69874, -47.41075, 0.797723
3.705726, -47.41075, 0.797723
3.719253, -47.41075, 0.797723
3.725889, -47.41075, 0.797723
3.733359, -47.41075, 0.797723
3.740125, -47.41075, 0.797723
3.741891, -47.41075, 0.797723
3.74946, -47.41075, 0.797723
3.75759, -47.41075, 0.797723
3.76363, -47.41075, 0.797723
3.766403, -47.41075, 0.797723
3.772979, -47.41075, 0.797723
3.778269, -47.41075, 0.797723
3.779915, -47.41075, 0.797723
3.782997, -47.41075, 0.797723
3.790782, -47.41075, 0.797723
3.798323, -47.41075, 0.797723
3.803976, -47.41075, 0.797723
3.809357, -47.41075, 0.797723
3.812434, -47.41075, 0.797723
3.815736, -47.41075, 0.797723
3.822988, -47.41075, 0.797723
3.828193, -47.41075, 0.797723
3.830928, -47.41075, 0.797723
3.833734, -47.41075, 0.797723
3.840719, -47.41075, 0.797723
3.846432, -47.41075, 0.797723
3.848364, -47.41075, 0.797723
3.855974, -47.41075, 0.797723
3.863341, -47.41075, 0.797723
3.865183, -47.41075, 0.797723
3.871933, -47.41075, 0.797723
3.878091, -47.41075, 0.797723
3.879818, -47.41075, 0.797723
3.882758, -47.41075, 0.797723
3.890141, -47.41075, 0.797723
3.895849, -47.41075, 0.797723
3.898521, -47.41075, 0.797723
3.905881, -47.41075, 0.797723
3.91174, -47.41075, 0.797723
3.913426, -47.41075, 0.797723
3.916228, -47.41075, 0.797723
3.923489, -47.41075, 0.797723
3.925216, -47.41075, 0.797723
3.928026, -47.41075, 0.797723
3.930832, -47.41075, 0.797723
3.933932, -47.41075, 0.797723
3.936637, -47.41075, 0.797723
3.939744, -47.41075, 0.797723
3.942529, -47.41075, 0.797723
3.945363, -47.41075, 0.797723
3.948132, -47.41075, 0.797723
3.951157, -47.41075, 0.797723
3.953921, -47.41075, 0.797723
3.956315, -47.41075, 0.797723
3.959122, -47.41075, 0.797723
3.961915, -47.41075, 0.797723
3.964835, -47.41075, 0.797723
3.967799, -47.41075, 0.797723
3.970699, -47.41075, 0.797723
3.973238, -47.41075, 0.797723
3.975504, -47.41075, 0.797723
3.977942, -47.41075, 0.797723
3.980721, -47.41075, 0.797723
3.983727, -47.41075, 0.797723
3.986561, -47.41075, 0.797723
3.988999, -47.41075, 0.797723
3.991943, -47.41075, 0.797723
3.994716, -47.41075, 0.797723
3.997534, -47.41075, 0.797723
4.000429, -47.41075, 0.797723
4.003569, -47.41075, 0.797723
4.005838, -47.41075, 0.797723
4.008216, -47.41075, 0.797723
4.010756, -47.41075, 0.797723
4.013618, -47.41075, 0.797723
4.016537, -47.41075, 0.797723
4.018853, -47.41075, 0.797723
4.021407, -47.41075, 0.797723
4.024133, -47.41075, 0.797723
4.027136, -47.41075, 0.797723
4.029811, -47.41075, 0.797723
4.032195, -47.41075, 0.797723
4.034523, -47.41075, 0.797723
4.037366, -47.41075, 0.797723
4.039797, -47.41075, 0.797723
4.042737, -47.41075, 0.797723
4.045375, -47.41075, 0.797723
4.048045, -47.41075, 0.797723
4.050531, -47.41075, 0.797723
4.053284, -47.41075, 0.797723
4.056231, -47.41075, 0.797723
4.058941, -47.41075, 0.797723
4.06134, -47.41075, 0.797723
4.063956, -47.41075, 0.797723
4.066643, -47.41075, 0.797723
4.069535, -47.41075, 0.797723
4.072522, -47.41075, 0.797723
4.075203, -47.41075, 0.797723
4.078031, -47.41075, 0.797723
4.080921, -47.41075, 0.797723
4.083927, -47.41075, 0.797723
4.086648, -47.41075, 0.797723
4.08891, -47.41075, 0.797723
4.091546, -47.41075, 0.797723
4.094019, -47.41075, 0.797723
4.096418, -47.41075, 0.797723
4.098914, -47.41075, 0.797723
4.101325, -47.41075, 0.797723
4.104042, -47.41075, 0.797723
4.10673, -47.41075, 0.797723
4.10942, -47.41075, 0.797723
4.112268, -47.41075, 0.797723
4.115142, -47.41075, 0.797723
4.117817, -47.41075, 0.797723
4.121011, -47.41075, 0.797723
4.123922, -47.41075, 0.797723
4.127083, -47.41075, 0.797723
4.129217, -47.41075, 0.797723
4.132237, -47.41075, 0.797723
4.134815, -47.41075, 0.797723
4.137756, -47.41075, 0.797723
4.140619, -47.41075, 0.797723
4.143508, -47.41075, 0.797723
4.146208, -47.41075, 0.797723
4.149249, -47.41075, 0.797723
4.152147, -47.41075, 0.797723
4.155132, -47.41075, 0.797723
4.158251, -47.41075, 0.797723
4.16145, -47.41075, 0.797723
4.164253, -47.41075, 0.797723
4.167557, -47.41075, 0.797723
4.171008, -47.41075, 0.797723
4.174269, -47.41075, 0.797723
4.17728, -47.41075, 0.797723
4.180232, -47.41075, 0.797723
4.183685, -47.41075, 0.797723
4.186798, -47.41075, 0.797723
4.189465, -47.41075, 0.797723
4.192348, -47.41075, 0.797723
4.196147, -47.41075, 0.797723
4.199189, -47.41075, 0.797723
4.202183, -47.41075, 0.797723
4.205353, -47.41075, 0.797723
4.208457, -47.41075, 0.797723
4.211479, -47.41075, 0.797723
4.214148, -47.41075, 0.797723
4.21746, -47.41075, 0.797723
4.220721, -47.41075, 0.797723
4.223283, -47.41075, 0.797723
4.226134, -47.41075, 0.797723
4.229156, -47.41075, 0.797723
4.232146, -47.41075, 0.797723
4.234964, -47.41075, 0.797723
4.238174, -47.41075, 0.797723
4.241238, -47.41075, 0.797723
4.244207, -47.41075, 0.797723
4.247301, -47.41075, 0.797723
4.250534, -47.41075, 0.797723
4.253572, -47.41075, 0.797723
4.256136, -47.41075, 0.797723
4.259986, -47.41075, 0.797723
4.262857, -47.41075, 0.797723
4.26586, -47.41075, 0.797723
4.269226, -47.41075, 0.797723
4.27241, -47.41075, 0.797723
4.275252, -47.41075, 0.797723
4.278167, -47.41075, 0.797723
4.281244, -47.41075, 0.797723
4.284367, -47.41075, 0.797723
4.28773, -47.41075, 0.797723
4.290667, -47.41075, 0.797723
4.293896, -47.41075, 0.797723
4.296554, -47.41075, 0.797723
4.299553, -47.41075, 0.797723
4.309273, -47.41075, 0.797723
4.311611, -47.41075, 0.797723
4.31454, -47.41075, 0.797723
4.317641, -47.41075, 0.797723
4.320625, -47.41075, 0.797723
4.323966, -47.41075, 0.797723
4.327263, -47.41075, 0.797723
4.329634, -47.41075, 0.797723
4.33255, -47.41075, 0.797723
4.335254, -47.41075, 0.797723
4.338336, -47.41075, 0.797723
4.341248, -47.41075, 0.797723
4.344613, -47.41075, 0.797723
4.347464, -47.41075, 0.797723
4.350532, -47.41075, 0.797723
4.353532, -47.41075, 0.797723
4.35616, -47.41075, 0.797723
4.359047, -47.41075, 0.797723
4.362176, -47.41075, 0.797723
4.366146, -47.41075, 0.797723
4.369245, -47.41075, 0.797723
4.372341, -47.41075, 0.797723
4.375149, -47.41075, 0.797723
4.378078, -47.41075, 0.797723
4.381076, -47.41075, 0.797723
4.384039, -47.41075, 0.797723
4.387088, -47.41075, 0.797723
4.389632, -47.41075, 0.797723
4.392581, -47.41075, 0.797723
4.395461, -47.41075, 0.797723
4.398354, -47.41075, 0.797723
4.40105, -47.41075, 0.797723
4.404468, -47.41075, 0.797723
4.407559, -47.41075, 0.797723
4.41047, -47.41075, 0.797723
4.413544, -47.41075, 0.797723
4.416087, -47.41075, 0.797723
4.419073, -47.41075, 0.797723
4.422342, -47.41075, 0.797723
4.425047, -47.41075, 0.797723
4.428101, -47.41075, 0.797723
4.43083, -47.41075, 0.797723
4.43405, -47.41075, 0.797723
4.437006, -47.41075, 0.797723
4.439805, -47.41075, 0.797723
4.442873, -47.41075, 0.797723
4.445753, -47.41075, 0.797723
4.448568, -47.41075, 0.797723
4.452414, -47.41075, 0.797723
4.455439, -47.41075, 0.797723
4.458533, -47.41075, 0.797723
4.461441, -47.41075, 0.797723
4.464185, -47.41075, 0.797723
4.467328, -47.41075, 0.797723
4.470192, -47.41075, 0.797723
4.473253, -47.41075, 0.797723
4.476263, -47.41075, 0.797723
4.479276, -47.41075, 0.797723
4.482158, -47.41075, 0.797723
4.484738, -47.41075, 0.797723
4.488681, -47.41075, 0.797723
4.497047, -47.41075, 0.797723
4.501121, -47.41075, 0.797723
4.508737, -47.41075, 0.797723
4.515544, -47.41075, 0.797723
4.523403, -47.41075, 0.797723
4.529821, -47.41075, 0.797723
4.531797, -47.41075, 0.797723
4.540027, -47.41075, 0.797723
4.546342, -47.41075, 0.797723
4.548452, -47.41075, 0.797723
4.555827, -47.41075, 0.797723
4.563843, -47.41075, 0.797723
4.566076, -47.41075, 0.797723
4.573713, -47.41075, 0.797723
4.579843, -47.41075, 0.797723
4.582609, -47.41075, 0.797723
4.589471, -47.41075, 0.797723
4.591375, -47.41075, 0.797723
4.594091, -47.41075, 0.797723
4.596819, -47.41075, 0.797723
4.600075, -47.41075, 0.797723
4.607913, -47.41075, 0.797723
4.609535, -47.41075, 0.797723
4.612416, -47.41075, 0.797723
4.615374, -47.41075, 0.797723
4.62317, -47.41075, 0.797723
4.631553, -47.41075, 0.797723
4.638492, -47.41075, 0.797723
4.645615, -47.41075, 0.797723
4.647219, -47.41075, 0.797723
4.650499, -47.41075, 0.797723
4.657423, -47.41075, 0.797723
4.659122, -47.41075, 0.797723
4.661996, -47.41075, 0.797723
4.665004, -47.41075, 0.797723
4.672765, -47.41075, 0.797723
4.674029, -47.41075, 0.797723
4.677151, -47.41075, 0.797723
4.679647, -47.41075, 0.797723
4.682631, -47.41075, 0.797723
4.69092, -47.41075, 0.797723
4.696847, -47.41075, 0.797723
4.698735, -47.41075, 0.797723
4.701243, -47.41075, 0.797723
4.70446, -47.41075, 0.797723
4.707635, -47.41075, 0.797723
4.710474, -47.41075, 0.797723
4.713443, -47.41075, 0.797723
4.71593, -47.41075, 0.797723
4.718532, -47.41075, 0.797723
4.721714, -47.41075, 0.797723
4.724555, -47.41075, 0.797723
4.727111, -47.41075, 0.797723
4.730123, -47.41075, 0.797723
4.73323, -47.41075, 0.797723
4.740477, -47.41075, 0.797723
4.746218, -47.41075, 0.797723
4.749422, -48.48552, 0.7433998
4.756459, -48.48552, 0.7433998
4.761956, -48.48552, 0.7433998
4.763624, -48.48552, 0.7433998
4.766804, -48.48552, 0.7433998
4.773763, -48.48552, 0.7433998
4.775441, -48.48552, 0.7433998
4.778447, -48.48552, 0.7433998
4.781226, -48.48552, 0.7433998
4.784514, -48.48552, 0.7433998
4.791246, -48.48552, 0.7433998
4.793616, -48.48552, 0.7433998
4.79634, -48.48552, 0.7433998
4.798882, -48.48552, 0.7433998
4.806358, -48.48552, 0.7433998
4.808251, -48.48552, 0.7433998
4.810989, -48.48552, 0.7433998
4.813919, -48.48552, 0.7433998
4.816898, -48.48552, 0.7433998
4.823555, -48.48552, 0.7433998
4.82531, -48.48552, 0.7433998
4.828129, -48.48552, 0.7433998
4.830616, -48.48552, 0.7433998
4.83369, -48.48552, 0.7433998
4.836352, -48.48552, 0.7433998
4.839175, -48.48552, 0.7433998
4.841724, -48.48552, 0.7433998
4.844547, -48.48552, 0.7433998
4.847008, -48.48552, 0.7433998
4.849756, -48.48552, 0.7433998
4.852076, -48.48552, 0.7433998
4.854721, -48.48552, 0.7433998
4.85701, -48.48552, 0.7433998
4.859412, -48.48552, 0.7433998
4.861922, -48.48552, 0.7433998
4.864235, -48.48552, 0.7433998
4.866823, -48.48552, 0.7433998
4.869666, -48.48552, 0.7433998
4.872152, -48.48552, 0.7433998
4.874405, -48.48552, 0.7433998
4.877448, -48.48552, 0.7433998
4.880136, -48.48552, 0.7433998
4.883135, -48.48552, 0.7433998
4.886174, -48.48552, 0.7433998
4.889308, -48.48552, 0.7433998
4.892002, -48.48552, 0.7433998
4.894408, -48.48552, 0.7433998
4.897126, -48.48552, 0.7433998
4.900427, -48.48552, 0.7433998
4.902415, -48.48552, 0.7433998
4.90522, -48.48552, 0.7433998
4.907822, -48.48552, 0.7433998
4.91042, -48.48552, 0.7433998
4.913121, -48.48552, 0.7433998
4.920189, -48.48552, 0.7433998
4.922354, -48.48552, 0.7433998
4.924942, -48.48552, 0.7433998
4.927744, -48.48552, 0.7433998
4.930236, -48.48552, 0.7433998
4.932665, -48.48552, 0.7433998
4.934921, -48.48552, 0.7433998
4.938138, -48.48552, 0.7433998
4.940816, -48.48552, 0.7433998
4.943633, -48.48552, 0.7433998
4.946417, -48.48552, 0.7433998
4.949534, -48.48552, 0.7433998
4.956512, -48.48552, 0.7433998
4.962069, -48.48552, 0.7433998
4.964692, -48.48552, 0.7433998
4.967696, -48.48552, 0.7433998
4.974933, -48.48552, 0.7433998
4.980935, -48.48552, 0.7433998
4.984239, -48.48552, 0.7433998
4.991316, -48.48552, 0.7433998
4.997239, -48.48552, 0.7433998
4.999182, -48.48552, 0.7433998
5.00676, -48.48552, 0.7433998
5.015324, -48.48552, 0.7433998
5.021809, -48.48552, 0.7433998
5.027342, -48.48552, 0.7433998
5.030138, -48.48552, 0.7433998
5.033302, -48.48552, 0.7433998
5.040837, -48.48552, 0.7433998
5.046899, -48.48552, 0.7433998
5.049777, -48.48552, 0.7433998
5.056971, -48.48552, 0.7433998
5.063262, -48.48552, 0.7433998
5.065316, -48.48552, 0.7433998
5.073959, -49.27384, 0.9331531
5.079848, -49.27384, 0.9331531
5.081714, -49.27384, 0.9331531
5.089552, -49.27384, 0.9331531
5.097054, -49.88427, 0.9416482
5.098993, -49.88427, 0.9416482
5.106394, -49.88427, 0.9416482
5.11242, -49.88427, 0.9416482
5.115947, -52.57978, 0.641908
5.122998, -52.57978, 0.641908
5.128846, -52.57978, 0.641908
5.130522, -52.57978, 0.641908
5.133742, -52.57978, 0.641908
5.140574, -52.57978, 0.641908
5.145896, -52.57978, 0.641908
5.147535, -52.57978, 0.641908
5.150666, -52.57978, 0.641908
5.156874, -52.57978, 0.641908
5.1624, -52.57978, 0.641908
5.164034, -52.57978, 0.641908
5.166839, -52.57978, 0.641908
5.173959, -52.57978, 0.641908
5.179475, -52.57978, 0.641908
5.18174, -52.57978, 0.641908
5.188353, -52.57978, 0.641908
5.190192, -52.57978, 0.641908
5.19739, -52.57978, 0.641908
5.205371, -52.57978, 0.641908
5.210862, -52.57978, 0.641908
5.212574, -52.57978, 0.641908
5.215728, -52.57978, 0.641908
5.223181, -52.57978, 0.641908
5.22884, -52.57978, 0.641908
5.230887, -52.57978, 0.641908
5.238422, -52.57978, 0.641908
5.241064, -52.57978, 0.641908
5.247936, -52.57978, 0.641908
5.255153, -52.57978, 0.641908
5.261036, -52.57978, 0.641908
5.26437, -52.57978, 0.641908
5.272492, -52.57978, 0.641908
5.278275, -52.57978, 0.641908
5.280031, -52.57978, 0.641908
5.282819, -52.57978, 0.641908
5.2898, -52.57978, 0.641908
5.295171, -52.57978, 0.641908
5.296815, -52.57978, 0.641908
5.300093, -52.57978, 0.641908
5.307192, -52.57978, 0.641908
5.31297, -52.57978, 0.641908
5.314779, -52.57978, 0.641908
5.322746, -52.57978, 0.641908
5.330577, -52.57978, 0.641908
5.336884, -52.57978, 0.641908
5.338422, -52.57978, 0.641908
5.344425, -52.57978, 0.641908
5.347193, -52.57978, 0.641908
5.354596, -52.57978, 0.641908
5.35637, -52.57978, 0.641908
5.363856, -52.57978, 0.641908
5.371941, -52.57978, 0.641908
5.377062, -52.57978, 0.641908
5.378724, -52.57978, 0.641908
5.381701, -52.57978, 0.641908
5.389452, -52.57978, 0.641908
5.396729, -52.57978, 0.641908
5.404251, -52.57978, 0.641908
5.40617, -52.57978, 0.641908
5.413396, -52.57978, 0.641908
5.416303, -52.57978, 0.641908
5.423338, -52.57978, 0.641908
5.42866, -52.57978, 0.641908
5.431896, -52.57978, 0.641908
5.438995, -52.57978, 0.641908
5.440506, -52.57978, 0.641908
5.443441, -52.57978, 0.641908
5.446157, -52.57978, 0.641908
5.448637, -52.57978, 0.641908
5.450932, -52.57978, 0.641908
5.453252, -52.57978, 0.641908
5.455623, -52.57978, 0.641908
5.458514, -52.57978, 0.641908
5.461329, -52.57978, 0.641908
5.463823, -52.57978, 0.641908
5.466707, -52.57978, 0.641908
5.469144, -52.57978, 0.641908
5.471934, -52.57978, 0.641908
5.47473, -52.57978, 0.641908
5.477448, -52.57978, 0.641908
5.480097, -52.57978, 0.641908
5.482732, -52.57978, 0.641908
5.485866, -52.57978, 0.641908
5.489236, -52.57978, 0.641908
5.496739, -52.57978, 0.641908
5.499242, -52.57978, 0.641908
5.506641, -52.57978, 0.641908
5.512956, -52.57978, 0.641908
5.516311, -52.57978, 0.641908
5.523841, -52.57978, 0.641908
5.530025, -52.57978, 0.641908
5.532033, -52.57978, 0.641908
5.539501, -52.57978, 0.641908
5.546733, -52.57978, 0.641908
5.548593, -52.57978, 0.641908
5.55518, -52.57978, 0.641908
5.560607, -52.57978, 0.641908
5.564134, -52.57978, 0.641908
5.567341, -52.57978, 0.641908
5.574893, -52.57978, 0.641908
5.580038, -52.57978, 0.641908
5.583174, -52.57978, 0.641908
5.590186, -52.57978, 0.641908
5.595888, -52.57978, 0.641908
5.597666, -52.57978, 0.641908
5.600866, -52.57978, 0.641908
5.608067, -52.57978, 0.641908
5.613472, -52.57978, 0.641908
5.620314, -52.57978, 0.641908
5.6293, -52.57978, 0.641908
5.636455, -52.57978, 0.641908
5.642438, -52.57978, 0.641908
5.645267, -52.57978, 0.641908
5.647987, -52.57978, 0.641908
5.651318, -52.57978, 0.641908
5.659478, -52.57978, 0.641908
5.665816, -52.57978, 0.641908
5.673657, -52.57978, 0.641908
5.679639, -52.57978, 0.641908
5.681374, -52.57978, 0.641908
5.683992, -52.57978, 0.641908
5.691333, -52.57978, 0.641908
5.69716, -52.57978, 0.641908
5.699037, -52.57978, 0.641908
5.706288, -52.57978, 0.641908
5.712257, -52.57978, 0.641908
5.713808, -52.57978, 0.641908
5.716934, -52.57978, 0.641908
5.720335, -52.57978, 0.641908
5.723032, -52.57978, 0.641908
5.725834, -52.57978, 0.641908
5.728745, -52.57978, 0.641908
5.731534, -52.57978, 0.641908
5.734652, -52.57978, 0.641908
5.73792, -52.57978, 0.641908
5.740839, -52.57978, 0.641908
5.743937, -52.57978, 0.641908
5.746239, -52.57978, 0.641908
5.749409, -52.57978, 0.641908
5.757553, -52.57978, 0.641908
5.763226, -52.57978, 0.641908
5.765154, -52.57978, 0.641908
5.768056, -52.57978, 0.641908
5.771153, -52.57978, 0.641908
5.773912, -52.57978, 0.641908
5.777244, -52.57978, 0.641908
5.779537, -52.57978, 0.641908
5.782317, -52.57978, 0.641908
5.784713, -52.57978, 0.641908
5.788019, -52.57978, 0.641908
5.790919, -52.57978, 0.641908
5.793897, -52.57978, 0.641908
5.796013, -52.57978, 0.641908
5.799139, -52.57978, 0.641908
5.802018, -52.57978, 0.641908
5.804913, -52.57978, 0.641908
5.807421, -52.57978, 0.641908
5.81003, -52.57978, 0.641908
5.812441, -52.57978, 0.641908
5.815129, -52.57978, 0.641908
5.817922, -52.57978, 0.641908
5.820971, -52.57978, 0.641908
5.824053, -52.57978, 0.641908
5.827224, -52.57978, 0.641908
5.829743, -52.57978, 0.641908
5.832535, -52.57978, 0.641908
5.83505, -52.57978, 0.641908
5.83805, -52.57978, 0.641908
5.840809, -52.57978, 0.641908
5.84381, -52.57978, 0.641908
5.846421, -52.57978, 0.641908
5.849027, -52.57978, 0.641908
5.851413, -52.57978, 0.641908
5.854265, -52.57978, 0.641908
5.85673, -52.57978, 0.641908
5.859117, -52.57978, 0.641908
5.861803, -52.57978, 0.641908
5.864102, -52.57978, 0.641908
5.867125, -52.57978, 0.641908
5.869456, -52.57978, 0.641908
5.872137, -52.57978, 0.641908
5.874932, -52.57978, 0.641908
5.877749, -52.57978, 0.641908
5.880735, -52.57978, 0.641908
5.883514, -52.57978, 0.641908
5.885901, -52.57978, 0.641908
5.88853, -52.57978, 0.641908
5.89104, -52.57978, 0.641908
5.893497, -52.57978, 0.641908
5.896023, -52.57978, 0.641908
5.898721, -52.57978, 0.641908
5.901022, -52.57978, 0.641908
5.903358, -52.57978, 0.641908
5.905724, -52.57978, 0.641908
5.908021, -52.57978, 0.641908
5.910728, -52.57978, 0.641908
5.913013, -52.57978, 0.641908
5.915788, -52.57978, 0.641908
5.924891, -52.57978, 0.641908
5.933414, -52.57978, 0.641908
5.940397, -52.57978, 0.641908
5.944499, -52.57978, 0.641908
5.955878, -52.57978, 0.641908
5.962224, -52.57978, 0.641908
5.963933, -52.57978, 0.641908
5.96729, -52.57978, 0.641908
5.974182, -52.57978, 0.641908
5.975929, -52.57978, 0.641908
5.978885, -52.57978, 0.641908
5.981923, -52.57978, 0.641908
5.989813, -52.57978, 0.641908
5.992743, -52.57978, 0.641908
5.995434, -52.57978, 0.641908
5.998552, -52.57978, 0.641908
6.00636, -52.57978, 0.641908
6.009954, -52.57978, 0.641908
6.012632, -52.57978, 0.641908
6.015837, -52.57978, 0.641908
6.023886, -52.57978, 0.641908
6.030053, -52.57978, 0.641908
6.03287, -52.57978, 0.641908
6.040417, -52.57978, 0.641908
6.04635, -52.57978, 0.641908
6.049141, -52.57978, 0.641908
6.055821, -52.57978, 0.641908
6.057531, -52.57978, 0.641908
6.06034, -52.57978, 0.641908
6.062936, -52.57978, 0.641908
6.065749, -52.57978, 0.641908
6.068244, -52.57978, 0.641908
6.071515, -52.57978, 0.641908
6.074219, -52.57978, 0.641908
6.077141, -52.57978, 0.641908
6.080069, -52.57978, 0.641908
6.082928, -52.57978, 0.641908
6.085905, -52.57978, 0.641908
6.089035, -52.57978, 0.641908
6.091755, -52.57978, 0.641908
6.09464, -52.57978, 0.641908
6.097457, -52.57978, 0.641908
6.100437, -52.57978, 0.641908
6.103245, -52.57978, 0.641908
6.105614, -52.57978, 0.641908
6.108435, -52.57978, 0.641908
6.111555, -52.57978, 0.641908
6.114573, -52.57978, 0.641908
6.117246, -52.57978, 0.641908
6.119973, -52.57978, 0.641908
6.122425, -52.57978, 0.641908
6.12545, -52.57978, 0.641908
6.128348, -52.57978, 0.641908
6.131042, -52.57978, 0.641908
6.134136, -52.57978, 0.641908
6.137835, -52.57978, 0.641908
6.140628, -52.57978, 0.641908
6.143954, -52.57978, 0.641908
6.146044, -52.57978, 0.641908
6.148871, -52.57978, 0.641908
6.151633, -52.57978, 0.641908
6.154899, -52.57978, 0.641908
6.157958, -52.57978, 0.641908
6.16076, -52.57978, 0.641908
6.163524, -52.57978, 0.641908
6.166855, -52.57978, 0.641908
6.169713, -52.57978, 0.641908
6.17227, -52.57978, 0.641908
6.174926, -52.57978, 0.641908
6.178599, -52.57978, 0.641908
6.181424, -52.57978, 0.641908
6.184774, -52.57978, 0.641908
6.187939, -52.57978, 0.641908
6.190838, -52.57978, 0.641908
6.193832, -52.57978, 0.641908
6.196256, -52.57978, 0.641908
6.199144, -52.57978, 0.641908
6.201645, -52.57978, 0.641908
6.204772, -52.57978, 0.641908
6.207757, -52.57978, 0.641908
6.210705, -52.57978, 0.641908
6.213547, -52.57978, 0.641908
6.216746, -52.57978, 0.641908
6.219764, -52.57978, 0.641908
6.222742, -52.57978, 0.641908
6.225429, -52.57978, 0.641908
6.228429, -52.57978, 0.641908
6.231358, -52.57978, 0.641908
6.238919, -52.57978, 0.641908
6.240753, -52.57978, 0.641908
6.243696, -52.57978, 0.641908
6.246448, -52.57978, 0.641908
6.249239, -52.57978, 0.641908
6.252176, -52.57978, 0.641908
6.255243, -52.57978, 0.641908
6.258223, -52.57978, 0.641908
6.261134, -52.57978, 0.641908
6.264836, -52.57978, 0.641908
6.267839, -52.57978, 0.641908
6.270896, -52.57978, 0.641908
6.27386, -52.57978, 0.641908
6.276666, -52.57978, 0.641908
6.279608, -52.57978, 0.641908
6.282418, -52.57978, 0.641908
6.285523, -52.57978, 0.641908
6.289026, -52.57978, 0.641908
6.291449, -52.57978, 0.641908
6.294456, -52.57978, 0.641908
6.297665, -52.57978, 0.641908
6.300751, -52.57978, 0.641908
6.303525, -52.57978, 0.641908
6.306447, -52.57978, 0.641908
6.309244, -52.57978, 0.641908
6.312107, -52.57978, 0.641908
6.314968, -52.57978, 0.641908
6.317948, -52.57978, 0.641908
6.321072, -52.57978, 0.641908
6.323935, -52.57978, 0.641908
6.327584, -52.57978, 0.641908
6.330567, -52.57978, 0.641908
6.333449, -52.57978, 0.641908
6.336249, -52.57978, 0.641908
6.339466, -52.57978, 0.641908
6.342351, -52.57978, 0.641908
6.345228, -52.57978, 0.641908
6.348049, -52.57978, 0.641908
6.351157, -52.57978, 0.641908
6.354357, -52.57978, 0.641908
6.357343, -52.57978, 0.641908
6.36052, -52.57978, 0.641908
6.362854, -52.57978, 0.641908
6.365746, -52.57978, 0.641908
6.368329, -52.57978, 0.641908
6.372011, -52.57978, 0.641908
6.37486, -52.57978, 0.641908
6.377799, -52.57978, 0.641908
6.380627, -52.57978, 0.641908
6.383832, -52.57978, 0.641908
6.386888, -52.57978, 0.641908
6.389309, -52.57978, 0.641908
6.392232, -52.57978, 0.641908
6.395282, -52.57978, 0.641908
6.398454, -52.57978, 0.641908
6.401332, -52.57978, 0.641908
6.404491, -52.57978, 0.641908
6.407236, -52.57978, 0.641908
6.410594, -52.57978, 0.641908
6.413763, -52.57978, 0.641908
6.416837, -52.57978, 0.641908
6.419689, -52.57978, 0.641908
6.422863, -52.57978, 0.641908
6.425643, -52.57978, 0.641908
6.428436, -52.57978, 0.641908
6.431439, -52.57978, 0.641908
6.435271, -52.57978, 0.641908
6.438435, -52.57978, 0.641908
6.44136, -52.57978, 0.641908
6.444209, -52.57978, 0.641908
6.447179, -52.57978, 0.641908
6.450159, -52.57978, 0.641908
6.453255, -52.57978, 0.641908
6.456467, -52.57978, 0.641908
6.459364, -52.57978, 0.641908
6.46208, -52.57978, 0.641908
6.464833, -52.57978, 0.641908
6.467836, -52.57978, 0.641908
6.471188, -52.57978, 0.641908
6.474145, -52.57978, 0.641908
6.477355, -52.57978, 0.641908
6.480253, -52.57978, 0.641908
6.483268, -52.57978, 0.641908
6.486089, -52.57978, 0.641908
6.489146, -52.57978, 0.641908
6.492154, -52.57978, 0.641908
6.494981, -52.57978, 0.641908
6.497957, -52.57978, 0.641908
6.501161, -52.57978, 0.641908
6.504137, -52.57978, 0.641908
6.507179, -52.57978, 0.641908
6.510257, -52.57978, 0.641908
6.513175, -52.57978, 0.641908
6.516143, -52.57978, 0.641908
6.520012, -52.57978, 0.641908
6.523048, -52.57978, 0.641908
6.525955, -52.57978, 0.641908
6.528603, -52.57978, 0.641908
6.53171, -52.57978, 0.641908
6.534641, -52.57978, 0.641908
6.53787, -52.57978, 0.641908
6.540958, -52.57978, 0.641908
6.543852, -52.57978, 0.641908
6.546747, -52.57978, 0.641908
6.549844, -52.57978, 0.641908
6.552835, -52.57978, 0.641908
6.555575, -52.57978, 0.641908
6.558429, -52.57978, 0.641908
6.561466, -52.57978, 0.641908
6.56424, -52.57978, 0.641908
6.567287, -52.57978, 0.641908
6.570273, -52.57978, 0.641908
6.572733, -52.57978, 0.641908
6.575736, -52.57978, 0.641908
6.578729, -52.57978, 0.641908
6.581559, -52.57978, 0.641908
6.585537, -52.57978, 0.641908
6.588866, -52.57978, 0.641908
6.591653, -52.57978, 0.641908
6.594598, -52.57978, 0.641908
6.597521, -52.57978, 0.641908
6.600881, -52.57978, 0.641908
6.60426, -52.57978, 0.641908
6.607137, -52.57978, 0.641908
6.610047, -52.57978, 0.641908
6.613091, -52.57978, 0.641908
6.61594, -52.57978, 0.641908
6.618841, -52.57978, 0.641908
6.621845, -52.57978, 0.641908
6.62477, -52.57978, 0.641908
6.628614, -52.57978, 0.641908
6.631465, -52.57978, 0.641908
6.634887, -52.57978, 0.641908
6.638241, -52.57978, 0.641908
6.641144, -52.57978, 0.641908
6.644078, -52.57978, 0.641908
6.647067, -52.57978, 0.641908
6.650149, -52.57978, 0.641908
6.6533, -52.57978, 0.641908
6.656342, -52.57978, 0.641908
6.659246, -52.57978, 0.641908
6.662114, -52.57978, 0.641908
6.665047, -52.57978, 0.641908
6.668154, -52.57978, 0.641908
6.671459, -52.57978, 0.641908
6.674348, -52.57978, 0.641908
6.677373, -52.57978, 0.641908
6.680325, -52.57978, 0.641908
6.683469, -52.57978, 0.641908
6.686676, -52.57978, 0.641908
6.690861, -52.57978, 0.641908
6.693854, -52.57978, 0.641908
6.696638, -52.57978, 0.641908
6.69964, -52.57978, 0.641908
6.702783, -52.57978, 0.641908
6.705969, -52.57978, 0.641908
6.70884, -52.57978, 0.641908
6.712248, -52.57978, 0.641908
6.715137, -52.57978, 0.641908
6.717868, -52.57978, 0.641908
6.721207, -52.57978, 0.641908
6.724052, -52.57978, 0.641908
6.727208, -52.57978, 0.641908
6.72965, -52.57978, 0.641908
6.732873, -52.57978, 0.641908
6.735677, -52.57978, 0.641908
6.739042, -52.57978, 0.641908
6.742048, -52.57978, 0.641908
6.74503, -52.57978, 0.641908
6.747947, -52.57978, 0.641908
6.751224, -52.57978, 0.641908
6.754488, -52.57978, 0.641908
6.757046, -52.57978, 0.641908
6.760075, -52.57978, 0.641908
6.762959, -52.57978, 0.641908
6.765973, -52.57978, 0.641908
6.769306, -52.57978, 0.641908
6.772347, -52.57978, 0.641908
6.776393, -52.57978, 0.641908
6.779294, -52.57978, 0.641908
6.782249, -52.57978, 0.641908
6.785062, -52.57978, 0.641908
6.78836, -52.57978, 0.641908
6.791353, -52.57978, 0.641908
6.794427, -52.57978, 0.641908
6.797852, -52.57978, 0.641908
6.800871, -52.57978, 0.641908
6.803736, -52.57978, 0.641908
6.812034, -52.57978, 0.641908
6.814067, -52.57978, 0.641908
6.817063, -52.57978, 0.641908
6.820677, -52.57978, 0.641908
6.823134, -52.57978, 0.641908
6.825969, -52.57978, 0.641908
6.828881, -52.57978, 0.641908
6.831744, -52.57978, 0.641908
6.834439, -52.57978, 0.641908
6.837341, -52.57978, 0.641908
6.840253, -52.57978, 0.641908
6.843031, -52.57978, 0.641908
6.845797, -52.57978, 0.641908
6.848751, -52.57978, 0.641908
6.851953, -52.57978, 0.641908
6.855466, -52.57978, 0.641908
6.86336, -52.57978, 0.641908
6.86674, -52.57978, 0.641908
6.87448, -52.57978, 0.641908
6.87631, -52.57978, 0.641908
6.879391, -52.57978, 0.641908
6.882714, -52.57978, 0.641908
6.885907, -52.57978, 0.641908
6.893959, -52.57978, 0.641908
6.895738, -52.57978, 0.641908
6.898335, -52.57978, 0.641908
6.906544, -52.57978, 0.641908
6.909646, -52.57978, 0.641908
6.912493, -52.57978, 0.641908
6.915436, -52.57978, 0.641908
6.917924, -52.57978, 0.641908
6.92095, -52.57978, 0.641908
6.923833, -52.57978, 0.641908
6.926723, -52.57978, 0.641908
6.929855, -52.57978, 0.641908
6.932954, -52.57978, 0.641908
6.935887, -52.57978, 0.641908
6.939138, -52.57978, 0.641908
6.942035, -52.57978, 0.641908
6.945714, -52.57978, 0.641908
6.948648, -52.57978, 0.641908
6.95155, -52.57978, 0.641908
6.954618, -52.57978, 0.641908
6.957446, -52.57978, 0.641908
6.960498, -52.57978, 0.641908
6.963247, -52.57978, 0.641908
6.966133, -52.57978, 0.641908
6.968969, -52.57978, 0.641908
6.972041, -52.57978, 0.641908
6.974941, -52.57978, 0.641908
6.977849, -52.57978, 0.641908
6.980854, -52.57978, 0.641908
6.983628, -52.57978, 0.641908
6.986583, -52.57978, 0.641908
6.990226, -50.21233, 0.8214611
6.993055, -50.21233, 0.8214611
6.996078, -50.21233, 0.8214611
6.999141, -50.21233, 0.8214611
7.001641, -50.21233, 0.8214611
7.004845, -50.21233, 0.8214611
7.007729, -50.21233, 0.8214611
7.010573, -50.21233, 0.8214611
7.013434, -50.21233, 0.8214611
7.016682, -50.21233, 0.8214611
7.019639, -50.21233, 0.8214611
7.022136, -50.21233, 0.8214611
7.025133, -50.21233, 0.8214611
7.027988, -50.21233, 0.8214611
7.031041, -50.21233, 0.8214611
7.034136, -50.21233, 0.8214611
7.03726, -50.21233, 0.8214611
7.039979, -50.21233, 0.8214611
7.042974, -50.21233, 0.8214611
7.04583, -50.21233, 0.8214611
7.048831, -50.21233, 0.8214611
7.051344, -50.21233, 0.8214611
7.054589, -50.21233, 0.8214611
7.057451, -50.21233, 0.8214611
7.060517, -50.21233, 0.8214611
7.063473, -50.21233, 0.8214611
7.066686, -50.21233, 0.8214611
7.069997, -50.21233, 0.8214611
7.078028, -50.21233, 0.8214611
7.089425, -50.21233, 0.8214611
7.095772, -50.21233, 0.8214611
7.09871, -50.21233, 0.8214611
7.101436, -50.21233, 0.8214611
7.108949, -50.21233, 0.8214611
7.115434, -50.21233, 0.8214611
7.123752, -50.21233, 0.8214611
7.130415, -50.21233, 0.8214611
7.132363, -50.21233, 0.8214611
7.1392, -50.21233, 0.8214611
7.142541, -50.21233, 0.8214611
7.145423, -50.21233, 0.8214611
7.148593, -50.21233, 0.8214611
7.156649, -50.21233, 0.8214611
7.159615, -48.09236, 0.9246908
7.162659, -48.09236, 0.9246908
7.165804, -48.09236, 0.9246908
7.173074, -48.09236, 0.9246908
7.174855, -48.09236, 0.9246908
7.177574, -48.09236, 0.9246908
7.180439, -48.16075, 0.8340837
7.183544, -48.16075, 0.8340837
7.190805, -48.16075, 0.8340837
7.192646, -48.16075, 0.8340837
7.195495, -48.16075, 0.8340837
7.20497, -48.16075, 0.8340837
7.208952, -47.97821, 0.927054
7.216646, -47.97821, 0.927054
7.223067, -47.97821, 0.927054
7.230618, -49.91697, 0.9080877
7.238324, -49.91697, 0.9080877
7.244767, -49.91697, 0.9080877
7.248534, -49.91697, 0.9080877
7.25589, -49.91697, 0.9080877
7.261949, -49.91697, 0.9080877
7.268226, -49.91697, 0.9080877
7.27095, -49.91697, 0.9080877
7.278447, -49.91697, 0.9080877
7.284742, -49.91697, 0.9080877
7.28727, -49.91697, 0.9080877
7.294133, -49.91697, 0.9080877
7.295889, -49.91697, 0.9080877
7.304913, -49.91697, 0.9080877
7.312073, -49.91697, 0.9080877
7.317575, -49.91697, 0.9080877
7.319663, -49.91697, 0.9080877
7.325557, -49.91697, 0.9080877
7.32777, -49.91697, 0.9080877
7.334649, -49.91697, 0.9080877
7.337259, -49.91697, 0.9080877
7.344859, -49.91697, 0.9080877
7.350772, -49.91697, 0.9080877
7.354006, -49.91697, 0.9080877
7.360919, -49.91697, 0.9080877
7.366657, -49.91697, 0.9080877
7.368557, -49.91697, 0.9080877
7.371674, -49.91697, 0.9080877
7.378431, -49.91697, 0.9080877
7.384363, -49.91697, 0.9080877
7.386427, -49.91697, 0.9080877
7.392233, -49.91697, 0.9080877
7.395368, -49.91697, 0.9080877
7.404477, -49.91697, 0.9080877
7.410347, -49.91697, 0.9080877
7.415841, -49.91697, 0.9080877
7.418333, -49.91697, 0.9080877
7.421833, -49.91697, 0.9080877
7.428988, -49.91697, 0.9080877
7.437845, -49.91697, 0.9080877
7.445154, -49.91697, 0.9080877
7.446868, -49.91697, 0.9080877
7.454786, -49.91697, 0.9080877
7.461226, -49.91697, 0.9080877
7.463034, -49.91697, 0.9080877
7.465854, -49.91697, 0.9080877
7.46823, -49.91697, 0.9080877
7.471519, -49.91697, 0.9080877
7.474329, -49.91697, 0.9080877
7.477245, -49.91697, 0.9080877
7.479824, -49.91697, 0.9080877
7.482823, -49.91697, 0.9080877
7.485814, -49.91697, 0.9080877
7.488529, -49.91697, 0.9080877
7.491012, -49.91697, 0.9080877
7.493499, -49.91697, 0.9080877
7.500808, -49.91697, 0.9080877
7.504239, -49.91697, 0.9080877
7.507257, -49.91697, 0.9080877
7.509837, -49.91697, 0.9080877
7.512711, -49.91697, 0.9080877
7.515216, -49.91697, 0.9080877
7.517521, -49.91697, 0.9080877
7.519974, -49.91697, 0.9080877
7.522408, -49.91697, 0.9080877
7.524726, -49.91697, 0.9080877
7.527285, -49.91697, 0.9080877
7.530181, -49.91697, 0.9080877
7.533022, -49.91697, 0.9080877
7.536032, -49.91697, 0.9080877
7.539422, -49.91697, 0.9080877
7.542037, -49.91697, 0.9080877
7.544675, -49.91697, 0.9080877
7.547882, -49.91697, 0.9080877
7.55342, -49.91697, 0.9080877
7.555071, -49.91697, 0.9080877
7.557813, -49.91697, 0.9080877
7.560627, -49.91697, 0.9080877
7.563465, -49.91697, 0.9080877
7.566234, -49.91697, 0.9080877
7.568746, -49.91697, 0.9080877
7.571948, -49.91697, 0.9080877
7.57473, -49.91697, 0.9080877
7.577666, -49.91697, 0.9080877
7.580702, -49.91697, 0.9080877
7.583528, -49.91697, 0.9080877
7.586284, -49.91697, 0.9080877
7.588952, -49.91697, 0.9080877
7.59162, -49.91697, 0.9080877
7.594403, -49.91697, 0.9080877
7.597369, -49.91697, 0.9080877
7.600243, -49.91697, 0.9080877
7.602911, -49.91697, 0.9080877
7.605713, -49.91697, 0.9080877
7.60833, -49.91697, 0.9080877
7.611305, -49.91697, 0.9080877
7.614006, -49.91697, 0.9080877
7.616713, -49.91697, 0.9080877
7.619632, -49.91697, 0.9080877
7.622252, -49.91697, 0.9080877
7.625032, -49.91697, 0.9080877
7.627852, -49.91697, 0.9080877
7.630723, -49.91697, 0.9080877
7.633828, -49.91697, 0.9080877
7.636616, -49.91697, 0.9080877
7.63912, -49.91697, 0.9080877
7.641955, -49.91697, 0.9080877
7.644721, -49.91697, 0.9080877
7.647271, -49.91697, 0.9080877
7.650129, -49.91697, 0.9080877
7.652935, -49.91697, 0.9080877
7.655225, -49.91697, 0.9080877
7.658125, -49.91697, 0.9080877
7.660467, -49.91697, 0.9080877
7.663431, -49.91697, 0.9080877
7.665709, -49.91697, 0.9080877
7.668511, -49.91697, 0.9080877
7.671422, -49.91697, 0.9080877
7.674337, -49.91697, 0.9080877
7.676747, -49.91697, 0.9080877
7.679087, -49.91697, 0.9080877
7.681625, -49.91697, 0.9080877
7.684623, -49.91697, 0.9080877
7.687832, -49.91697, 0.9080877
7.690726, -49.91697, 0.9080877
7.693807, -49.91697, 0.9080877
7.696233, -49.91697, 0.9080877
7.699004, -49.91697, 0.9080877
7.701522, -49.91697, 0.9080877
7.704453, -49.91697, 0.9080877
7.707239, -49.91697, 0.9080877
7.709631, -49.91697, 0.9080877
7.712418, -49.91697, 0.9080877
7.714607, -49.91697, 0.9080877
7.71744, -49.91697, 0.9080877
7.720227, -49.91697, 0.9080877
7.722615, -49.91697, 0.9080877
7.725415, -49.91697, 0.9080877
7.727785, -49.91697, 0.9080877
7.730212, -49.91697, 0.9080877
7.732818, -49.91697, 0.9080877
7.735202, -49.91697, 0.9080877
7.737727, -49.91697, 0.9080877
7.740633, -49.91697, 0.9080877
7.743034, -49.91697, 0.9080877
7.74538, -49.91697, 0.9080877
7.747816, -49.91697, 0.9080877
7.750947, -49.91697, 0.9080877
7.753678, -49.91697, 0.9080877
7.756525, -49.91697, 0.9080877
7.759338, -49.91697, 0.9080877
7.762289, -49.91697, 0.9080877
7.765017, -49.91697, 0.9080877
7.767516, -49.91697, 0.9080877
7.770416, -49.91697, 0.9080877
7.772736, -49.91697, 0.9080877
7.775124, -49.91697, 0.9080877
7.777438, -49.91697, 0.9080877
7.783009, -49.91697, 0.9080877
7.784513, -49.91697, 0.9080877
7.787409, -49.91697, 0.9080877
7.7898, -49.91697, 0.9080877
7.792618, -49.91697, 0.9080877
7.794974, -49.91697, 0.9080877
7.797317, -49.91697, 0.9080877
7.799829, -49.91697, 0.9080877
7.802734, -49.91697, 0.9080877
7.805632, -49.91697, 0.9080877
7.808018, -49.91697, 0.9080877
7.810395, -49.91697, 0.9080877
7.812731, -49.91697, 0.9080877
7.815639, -49.91697, 0.9080877
7.81811, -49.91697, 0.9080877
7.820643, -49.91697, 0.9080877
7.823127, -49.91697, 0.9080877
7.825936, -49.91697, 0.9080877
7.828776, -49.91697, 0.9080877
7.83144, -49.91697, 0.9080877
7.834318, -49.91697, 0.9080877
7.837842, -49.91697, 0.9080877
7.840659, -49.91697, 0.9080877
7.845298, -49.91697, 0.9080877
7.848157, -49.91697, 0.9080877
7.851569, -49.91697, 0.9080877
7.854508, -49.91697, 0.9080877
7.857157, -49.91697, 0.9080877
7.860284, -49.91697, 0.9080877
7.864078, -49.91697, 0.9080877
7.867264, -49.91697, 0.9080877
7.870368, -49.91697, 0.9080877
7.872956, -49.91697, 0.9080877
7.875954, -49.91697, 0.9080877
7.878965, -49.91697, 0.9080877
7.881983, -49.91697, 0.9080877
7.886473, -49.91697, 0.9080877
7.889546, -49.91697, 0.9080877
7.892838, -49.91697, 0.9080877
7.895788, -49.91697, 0.9080877
7.898749, -49.91697, 0.9080877
7.90167, -49.91697, 0.9080877
7.905016, -49.91697, 0.9080877
7.908355, -49.91697, 0.9080877
7.911389, -49.91697, 0.9080877
7.914377, -49.91697, 0.9080877
7.917578, -49.91697, 0.9080877
7.920427, -49.91697, 0.9080877
7.923053, -49.91697, 0.9080877
7.925972, -49.91697, 0.9080877
7.929308, -49.91697, 0.9080877
7.932137, -49.91697, 0.9080877
7.934841, -49.91697, 0.9080877
7.938054, -49.91697, 0.9080877
7.941051, -49.91697, 0.9080877
7.944443, -49.91697, 0.9080877
7.94705, -49.91697, 0.9080877
7.951283, -49.91697, 0.9080877
7.954388, -49.91697, 0.9080877
7.95746, -49.91697, 0.9080877
7.960727, -49.91697, 0.9080877
7.963365, -49.91697, 0.9080877
7.966444, -49.91697, 0.9080877
7.969591, -49.91697, 0.9080877
7.972368, -49.91697, 0.9080877
7.975424, -49.91697, 0.9080877
7.978531, -49.91697, 0.9080877
7.981351, -49.91697, 0.9080877
7.984685, -49.91697, 0.9080877
7.98783, -49.91697, 0.9080877
7.991126, -49.91697, 0.9080877
7.99393, -49.91697, 0.9080877
7.996833, -49.91697, 0.9080877
7.999673, -49.91697, 0.9080877
8.00236, -49.91697, 0.9080877
8.00547, -49.91697, 0.9080877
8.008966, -49.91697, 0.9080877
8.012726, -49.91697, 0.9080877
8.015884, -49.91697, 0.9080877
8.018369, -49.91697, 0.9080877
8.021502, -49.91697, 0.9080877
8.024605, -49.91697, 0.9080877
8.02741, -49.91697, 0.9080877
8.030348, -49.91697, 0.9080877
8.033606, -49.91697, 0.9080877
8.036373, -49.91697, 0.9080877
8.039356, -49.91697, 0.9080877
8.042427, -49.91697, 0.9080877
8.045215, -49.91697, 0.9080877
8.048314, -49.91697, 0.9080877
8.051144, -49.91697, 0.9080877
8.054349, -49.91697, 0.9080877
8.058196, -49.91697, 0.9080877
8.065825, -49.91697, 0.9080877
8.068266, -49.91697, 0.9080877
8.071099, -49.91697, 0.9080877
8.073956, -49.91697, 0.9080877
8.076735, -49.91697, 0.9080877
8.07963, -49.91697, 0.9080877
8.082916, -49.91697, 0.9080877
8.085609, -49.91697, 0.9080877
8.089035, -49.91697, 0.9080877
8.091555, -49.91697, 0.9080877
8.094489, -49.91697, 0.9080877
8.097272, -49.91697, 0.9080877
8.100465, -49.91697, 0.9080877
8.103333, -49.91697, 0.9080877
8.10574, -49.91697, 0.9080877
8.108768, -49.91697, 0.9080877
8.11153, -49.91697, 0.9080877
8.114327, -49.91697, 0.9080877
8.117332, -49.91697, 0.9080877
8.120207, -49.91697, 0.9080877
8.122638, -49.91697, 0.9080877
8.125628, -49.91697, 0.9080877
8.128465, -49.91697, 0.9080877
8.131393, -49.91697, 0.9080877
8.134755, -49.91697, 0.9080877
8.138225, -49.91697, 0.9080877
8.141958, -49.91697, 0.9080877
8.145083, -49.91697, 0.9080877
8.148024, -49.91697, 0.9080877
8.151076, -49.91697, 0.9080877
8.154493, -49.91697, 0.9080877
8.157981, -49.91697, 0.9080877
8.161056, -49.91697, 0.9080877
8.16504, -49.91697, 0.9080877
8.168243, -49.91697, 0.9080877
8.171382, -49.91697, 0.9080877
8.174305, -49.91697, 0.9080877
8.17732, -49.91697, 0.9080877
8.180358, -49.91697, 0.9080877
8.183857, -49.91697, 0.9080877
8.18681, -49.91697, 0.9080877
8.189583, -49.91697, 0.9080877
8.192341, -49.91697, 0.9080877
8.19527, -49.91697, 0.9080877
8.19823, -49.91697, 0.9080877
8.201033, -49.91697, 0.9080877
8.204594, -49.91697, 0.9080877
8.20733, -49.91697, 0.9080877
8.210487, -49.91697, 0.9080877
8.213039, -49.91697, 0.9080877
8.215618, -49.91697, 0.9080877
8.217902, -49.91697, 0.9080877
8.221032, -49.91697, 0.9080877
8.223268, -49.91697, 0.9080877
8.22614, -49.91697, 0.9080877
8.228875, -49.91697, 0.9080877
8.231618, -49.91697, 0.9080877
8.233958, -49.91697, 0.9080877
8.23678, -49.91697, 0.9080877
8.239234, -49.91697, 0.9080877
8.241808, -49.91697, 0.9080877
8.244643, -49.91697, 0.9080877
8.247611, -49.91697, 0.9080877
8.25052, -49.91697, 0.9080877
8.253272, -49.91697, 0.9080877
8.255621, -49.91697, 0.9080877
8.258151, -49.91697, 0.9080877
8.260855, -49.91697, 0.9080877
8.263934, -49.91697, 0.9080877
8.266617, -49.91697, 0.9080877
8.26942, -49.91697, 0.9080877
8.271927, -49.91697, 0.9080877
8.274732, -49.91697, 0.9080877
8.277337, -49.91697, 0.9080877
8.280025, -49.91697, 0.9080877
8.282922, -49.91697, 0.9080877
8.285876, -49.91697, 0.9080877
8.289005, -49.91697, 0.9080877
8.291427, -49.91697, 0.9080877
8.294356, -49.91697, 0.9080877
8.297321, -49.91697, 0.9080877
8.300455, -49.91697, 0.9080877
8.303251, -49.91697, 0.9080877
8.305724, -49.91697, 0.9080877
8.308887, -49.91697, 0.9080877
8.3129, -49.91697, 0.9080877
8.316422, -49.91697, 0.9080877
8.32567, -49.91697, 0.9080877
8.332447, -49.91697, 0.9080877
8.339208, -49.91697, 0.9080877
8.341031, -49.91697, 0.9080877
8.344084, -49.91697, 0.9080877
8.346931, -49.91697, 0.9080877
8.350299, -49.91697, 0.9080877
8.357715, -49.91697, 0.9080877
8.35954, -49.91697, 0.9080877
8.362486, -49.91697, 0.9080877
8.365017, -49.91697, 0.9080877
8.368279, -49.91697, 0.9080877
8.376596, -49.91697, 0.9080877
8.37953, -49.91697, 0.9080877
8.382321, -49.91697, 0.9080877
8.384934, -49.91697, 0.9080877
8.392318, -49.91697, 0.9080877
8.39413, -49.91697, 0.9080877
8.397659, -49.91697, 0.9080877
8.401217, -49.91697, 0.9080877
8.404955, -49.91697, 0.9080877
8.412826, -49.91697, 0.9080877
8.422098, -49.91697, 0.9080877
8.430172, -49.91697, 0.9080877
8.438721, -49.91697, 0.9080877
8.44614, -49.91697, 0.9080877
8.454694, -49.91697, 0.9080877
8.456667, -49.91697, 0.9080877
8.465051, -49.91697, 0.9080877
8.4745, -49.91697, 0.9080877
8.481676, -49.91697, 0.9080877
8.485909, -49.91697, 0.9080877
8.49467, -49.91697, 0.9080877
8.501259, -49.91697, 0.9080877
8.506194, -49.91697, 0.9080877
8.514042, -49.91697, 0.9080877
8.52245, -49.91697, 0.9080877
8.531035, -49.91697, 0.9080877
8.539948, -49.91697, 0.9080877
8.546628, -49.91697, 0.9080877
8.550181, -49.91697, 0.9080877
8.558066, -49.91697, 0.9080877
8.564074, -49.91697, 0.9080877
8.572878, -49.91697, 0.9080877
8.57888, -49.91697, 0.9080877
8.581428, -49.91697, 0.9080877
8.58907, -49.91697, 0.9080877
8.594646, -49.91697, 0.9080877
8.600276, -49.91697, 0.9080877
8.602102, -49.91697, 0.9080877
8.604878, -49.91697, 0.9080877
8.612039, -49.91697, 0.9080877
8.620824, -49.91697, 0.9080877
8.627304, -49.91697, 0.9080877
8.633117, -49.91697, 0.9080877
8.635527, -49.91697, 0.9080877
8.639086, -49.91697, 0.9080877
8.646034, -49.91697, 0.9080877
8.654185, -49.91697, 0.9080877
8.661373, -49.91697, 0.9080877
8.663173, -49.91697, 0.9080877
8.670914, -49.91697, 0.9080877
8.678652, -49.91697, 0.9080877
8.684968, -49.91697, 0.9080877
8.686902, -49.91697, 0.9080877
8.694559, -49.91697, 0.9080877
8.697996, -49.91697, 0.9080877
8.705852, -49.91697, 0.9080877
8.712048, -49.91697, 0.9080877
8.718119, -49.91697, 0.9080877
8.720815, -49.91697, 0.9080877
8.728118, -49.91697, 0.9080877
8.73392, -49.91697, 0.9080877
8.735721, -49.91697, 0.9080877
8.738991, -49.91697, 0.9080877
8.746306, -49.91697, 0.9080877
8.754593, -49.91697, 0.9080877
8.760509, -49.91697, 0.9080877
8.764007, -49.91697, 0.9080877
8.771756, -49.91697, 0.9080877
8.777475, -49.91697, 0.9080877
8.783856, -49.91697, 0.9080877
8.785517, -49.91697, 0.9080877
8.789255, -49.91697, 0.9080877
8.800775, -49.91697, 0.9080877
8.804317, -49.91697, 0.9080877
8.811436, -49.91697, 0.9080877
8.81741, -49.91697, 0.9080877
8.81912, -49.91697, 0.9080877
8.82208, -49.91697, 0.9080877
8.829139, -49.91697, 0.9080877
8.837231, -49.91697, 0.9080877
8.842127, -49.91697, 0.9080877
8.845201, -49.91697, 0.9080877
8.853131, -49.91697, 0.9080877
8.858262, -49.91697, 0.9080877
8.86067, -49.91697, 0.9080877
8.867358, -49.91697, 0.9080877
8.869034, -49.91697, 0.9080877
8.871934, -49.91697, 0.9080877
8.878812, -49.91697, 0.9080877
8.884409, -49.91697, 0.9080877
8.887791, -49.91697, 0.9080877
8.894836, -49.91697, 0.9080877
8.900162, -49.91697, 0.9080877
8.902081, -49.91697, 0.9080877
8.905309, -49.91697, 0.9080877
8.912228, -49.91697, 0.9080877
8.920155, -49.91697, 0.9080877
8.921721, -49.91697, 0.9080877
8.924535, -49.91697, 0.9080877
8.927402, -49.91697, 0.9080877
8.930238, -49.91697, 0.9080877
8.933226, -49.91697, 0.9080877
8.936036, -49.91697, 0.9080877
8.938949, -49.91697, 0.9080877
8.941637, -49.91697, 0.9080877
8.943958, -49.91697, 0.9080877
8.947052, -49.91697, 0.9080877
8.949931, -49.91697, 0.9080877
8.953065, -49.91697, 0.9080877
8.955328, -49.91697, 0.9080877
8.958221, -49.91697, 0.9080877
8.961143, -49.91697, 0.9080877
8.963938, -49.91697, 0.9080877
8.966834, -49.91697, 0.9080877
8.969149, -49.91697, 0.9080877
8.971834, -49.91697, 0.9080877
8.974434, -49.91697, 0.9080877
8.977611, -49.91697, 0.9080877
8.980433, -49.91697, 0.9080877
8.983243, -49.91697, 0.9080877
8.985999, -49.91697, 0.9080877
8.98884, -49.91697, 0.9080877
8.991302, -49.91697, 0.9080877
8.99425, -49.91697, 0.9080877
8.997143, -49.91697, 0.9080877
8.999917, -49.91697, 0.9080877
9.002456, -49.91697, 0.9080877
9.005321, -49.91697, 0.9080877
9.008151, -49.91697, 0.9080877
9.01053, -49.91697, 0.9080877
9.012919, -49.91697, 0.9080877
9.015642, -49.91697, 0.9080877
9.018236, -49.91697, 0.9080877
9.021185, -49.91697, 0.9080877
9.023426, -49.91697, 0.9080877
9.025926, -49.91697, 0.9080877
9.028371, -49.91697, 0.9080877
9.030717, -49.91697, 0.9080877
9.033204, -49.91697, 0.9080877
9.035604, -49.91697, 0.9080877
9.038215, -49.91697, 0.9080877
9.041026, -49.91697, 0.9080877
9.043801, -49.91697, 0.9080877
9.046536, -49.91697, 0.9080877
9.04923, -49.91697, 0.9080877
9.052047, -49.91697, 0.9080877
9.054817, -49.91697, 0.9080877
9.057399, -49.91697, 0.9080877
9.060573, -49.91697, 0.9080877
9.063064, -49.91697, 0.9080877
9.065921, -49.91697, 0.9080877
9.068958, -49.91697, 0.9080877
9.071604, -49.91697, 0.9080877
9.074365, -49.91697, 0.9080877
9.077307, -49.91697, 0.9080877
9.080138, -49.91697, 0.9080877
9.08326, -49.91697, 0.9080877
9.08604, -49.91697, 0.9080877
9.08903, -49.91697, 0.9080877
9.091942, -49.91697, 0.9080877
9.094876, -49.91697, 0.9080877
9.097448, -49.91697, 0.9080877
9.100523, -49.91697, 0.9080877
9.10317, -49.91697, 0.9080877
9.105628, -49.91697, 0.9080877
9.108526, -49.91697, 0.9080877
9.110807, -49.91697, 0.9080877
9.11362, -49.91697, 0.9080877
9.116666, -49.91697, 0.9080877
9.119338, -49.91697, 0.9080877
9.122334, -49.91697, 0.9080877
9.125307, -49.91697, 0.9080877
9.128067, -49.91697, 0.9080877
9.130733, -49.91697, 0.9080877
9.133632, -49.91697, 0.9080877
9.136126, -49.91697, 0.9080877
9.139125, -49.91697, 0.9080877
9.141342, -49.91697, 0.9080877
9.144256, -49.91697, 0.9080877
9.147226, -49.91697, 0.9080877
9.15002, -49.91697, 0.9080877
9.152943, -49.91697, 0.9080877
9.15553, -49.91697, 0.9080877
9.158218, -49.91697, 0.9080877
9.160537, -49.91697, 0.9080877
9.16292, -49.91697, 0.9080877
9.165631, -49.91697, 0.9080877
9.168114, -49.91697, 0.9080877
9.171099, -49.91697, 0.9080877
9.173425, -49.91697, 0.9080877
9.175838, -49.91697, 0.9080877
9.178153, -49.91697, 0.9080877
9.180511, -49.91697, 0.9080877
9.183411, -49.91697, 0.9080877
9.185884, -49.91697, 0.9080877
9.188951, -49.91697, 0.9080877
9.191608, -49.91697, 0.9080877
9.194165, -49.91697, 0.9080877
9.196832, -49.91697, 0.9080877
9.199004, -49.91697, 0.9080877
9.20162, -49.91697, 0.9080877
9.204214, -49.91697, 0.9080877
9.206931, -49.91697, 0.9080877
9.209728, -49.91697, 0.9080877
9.212456, -49.91697, 0.9080877
9.214811, -49.91697, 0.9080877
9.217843, -49.91697, 0.9080877
9.220178, -49.91697, 0.9080877
9.222828, -49.91697, 0.9080877
9.225126, -49.91697, 0.9080877
9.227425, -49.91697, 0.9080877
9.229839, -49.91697, 0.9080877
9.232724, -49.91697, 0.9080877
9.235433, -49.91697, 0.9080877
9.238313, -49.91697, 0.9080877
9.240947, -49.91697, 0.9080877
9.243813, -49.91697, 0.9080877
9.246125, -49.91697, 0.9080877
9.248519, -49.91697, 0.9080877
9.250712, -49.91697, 0.9080877
9.253133, -49.91697, 0.9080877
9.2555, -49.91697, 0.9080877
9.257821, -49.91697, 0.9080877
9.26018, -49.91697, 0.9080877
9.262519, -49.91697, 0.9080877
9.264825, -49.91697, 0.9080877
9.267434, -49.91697, 0.9080877
9.269728, -49.91697, 0.9080877
9.272412, -49.91697, 0.9080877
9.275231, -49.91697, 0.9080877
9.277949, -49.91697, 0.9080877
9.280822, -49.91697, 0.9080877
9.284063, -49.91697, 0.9080877
9.286606, -49.91697, 0.9080877
9.29385, -49.91697, 0.9080877
9.301787, -49.91697, 0.9080877
9.308393, -49.91697, 0.9080877
9.315047, -49.91697, 0.9080877
9.324331, -49.91697, 0.9080877
9.330962, -49.91697, 0.9080877
9.332991, -49.91697, 0.9080877
9.340771, -49.91697, 0.9080877
9.347202, -49.91697, 0.9080877
9.349328, -49.91697, 0.9080877
9.356498, -49.91697, 0.9080877
9.363959, -49.91697, 0.9080877
9.365996, -49.91697, 0.9080877
9.373524, -49.91697, 0.9080877
9.379201, -49.91697, 0.9080877
9.38094, -49.91697, 0.9080877
9.384352, -49.91697, 0.9080877
9.391493, -49.91697, 0.9080877
9.396947, -49.91697, 0.9080877
9.400628, -49.91697, 0.9080877
9.408199, -49.91697, 0.9080877
9.414345, -49.91697, 0.9080877
9.42293, -49.91697, 0.9080877
9.425549, -49.91697, 0.9080877
9.433052, -49.91697, 0.9080877
9.438515, -49.91697, 0.9080877
9.445761, -49.91697, 0.9080877
9.447638, -49.91697, 0.9080877
9.450732, -49.91697, 0.9080877
9.457664, -49.91697, 0.9080877
9.46318, -49.91697, 0.9080877
9.466905, -49.91697, 0.9080877
9.473454, -49.91697, 0.9080877
9.478839, -49.91697, 0.9080877
9.480639, -49.91697, 0.9080877
9.483936, -49.91697, 0.9080877
9.491089, -49.91697, 0.9080877
9.496505, -49.91697, 0.9080877
9.498495, -49.91697, 0.9080877
9.505028, -49.91697, 0.9080877
9.508595, -49.91697, 0.9080877
9.511436, -49.91697, 0.9080877
9.51393, -49.91697, 0.9080877
9.51718, -49.91697, 0.9080877
9.52439, -49.91697, 0.9080877
9.532583, -49.91697, 0.9080877
9.538543, -49.91697, 0.9080877
9.540214, -49.91697, 0.9080877
9.543112, -49.91697, 0.9080877
9.546124, -49.91697, 0.9080877
9.549017, -49.91697, 0.9080877
9.556125, -49.91697, 0.9080877
9.557944, -49.91697, 0.9080877
9.560767, -49.91697, 0.9080877
9.563636, -49.91697, 0.9080877
9.566871, -49.91697, 0.9080877
9.574506, -49.91697, 0.9080877
9.57625, -49.91697, 0.9080877
9.579122, -49.91697, 0.9080877
9.581518, -49.91697, 0.9080877
9.584537, -49.91697, 0.9080877
9.58762, -49.91697, 0.9080877
9.590423, -49.91697, 0.9080877
9.593214, -49.91697, 0.9080877
9.596198, -49.91697, 0.9080877
9.59906, -49.91697, 0.9080877
9.601512, -49.91697, 0.9080877
9.604769, -49.91697, 0.9080877
9.607656, -49.91697, 0.9080877
9.610494, -49.91697, 0.9080877
9.61311, -49.91697, 0.9080877
9.616238, -49.91697, 0.9080877
9.619039, -49.91697, 0.9080877
9.622123, -49.91697, 0.9080877
9.62491, -49.91697, 0.9080877
9.627887, -49.91697, 0.9080877
9.630636, -49.91697, 0.9080877
9.633627, -49.91697, 0.9080877
9.636065, -49.91697, 0.9080877
9.638891, -49.91697, 0.9080877
9.641636, -49.91697, 0.9080877
9.644411, -49.91697, 0.9080877
9.646929, -49.91697, 0.9080877
9.649821, -49.91697, 0.9080877
9.65233, -49.91697, 0.9080877
9.655015, -49.91697, 0.9080877
9.657818, -49.91697, 0.9080877
9.660696, -49.91697, 0.9080877
9.663545, -49.91697, 0.9080877
9.666766, -49.91697, 0.9080877
9.675244, -49.91697, 0.9080877
9.678197, -49.91697, 0.9080877
9.681137, -49.91697, 0.9080877
9.684144, -49.91697, 0.9080877
9.687193, -49.91697, 0.9080877
9.689747, -49.91697, 0.9080877
9.692534, -49.91697, 0.9080877
9.695437, -49.91697, 0.9080877
9.698475, -49.91697, 0.9080877
9.701129, -49.91697, 0.9080877
9.704607, -49.91697, 0.9080877
9.707453, -49.91697, 0.9080877
9.71056, -49.91697, 0.9080877
9.713324, -49.91697, 0.9080877
9.716224, -49.91697, 0.9080877
9.719831, -49.91697, 0.9080877
9.722466, -49.91697, 0.9080877
9.725244, -49.91697, 0.9080877
9.728134, -49.91697, 0.9080877
9.73115, -49.91697, 0.9080877
9.734162, -49.91697, 0.9080877
9.737051, -49.91697, 0.9080877
9.73994, -49.91697, 0.9080877
9.742766, -49.91697, 0.9080877
9.745504, -49.91697, 0.9080877
9.748444, -49.91697, 0.9080877
9.750841, -49.91697, 0.9080877
9.753813, -49.91697, 0.9080877
9.756351, -49.91697, 0.9080877
9.759269, -49.91697, 0.9080877
9.763367, -49.91697, 0.9080877
9.766248, -49.91697, 0.9080877
9.769276, -49.91697, 0.9080877
9.772245, -49.91697, 0.9080877
9.775133, -49.91697, 0.9080877
9.778021, -49.91697, 0.9080877
9.78064, -49.91697, 0.9080877
9.783941, -49.91697, 0.9080877
9.786889, -49.91697, 0.9080877
9.789446, -49.91697, 0.9080877
9.792473, -49.91697, 0.9080877
9.795442, -49.91697, 0.9080877
9.798446, -49.91697, 0.9080877
9.801436, -49.91697, 0.9080877
9.804688, -49.91697, 0.9080877
9.807645, -49.91697, 0.9080877
9.810565, -49.91697, 0.9080877
9.813446, -49.91697, 0.9080877
9.81635, -49.91697, 0.9080877
9.819482, -49.91697, 0.9080877
9.822451, -49.91697, 0.9080877
9.826365, -49.91697, 0.9080877
9.829318, -49.91697, 0.9080877
9.83232, -49.91697, 0.9080877
9.835068, -49.91697, 0.9080877
9.838092, -49.91697, 0.9080877
9.841044, -49.91697, 0.9080877
9.84397, -49.91697, 0.9080877
9.846958, -49.91697, 0.9080877
9.850155, -49.91697, 0.9080877
9.853247, -49.91697, 0.9080877
9.856236, -49.91697, 0.9080877
9.85924, -49.91697, 0.9080877
9.861899, -49.91697, 0.9080877
9.864732, -49.91697, 0.9080877
9.867868, -49.91697, 0.9080877
9.870876, -49.91697, 0.9080877
9.873981, -49.91697, 0.9080877
9.877036, -49.91697, 0.9080877
9.879849, -49.91697, 0.9080877
9.882944, -49.91697, 0.9080877
9.886022, -49.91697, 0.9080877
9.888918, -49.91697, 0.9080877
9.892519, -49.91697, 0.9080877
9.89562, -49.91697, 0.9080877
9.898478, -49.91697, 0.9080877
9.901354, -49.91697, 0.9080877
9.904591, -49.91697, 0.9080877
9.907435, -49.91697, 0.9080877
9.910557, -49.91697, 0.9080877
9.913559, -49.91697, 0.9080877
9.916525, -49.91697, 0.9080877
9.919782, -49.91697, 0.9080877
9.922858, -49.91697, 0.9080877
9.925942, -49.91697, 0.9080877
9.928865, -49.91697, 0.9080877
9.931963, -49.91697, 0.9080877
9.935061, -49.91697, 0.9080877
9.938452, -49.91697, 0.9080877
9.941555, -49.91697, 0.9080877
9.944419, -49.91697, 0.9080877
9.947467, -49.91697, 0.9080877
9.950745, -49.91697, 0.9080877
9.954566, -49.91697, 0.9080877
9.957567, -49.91697, 0.9080877
9.960661, -49.91697, 0.9080877
9.963465, -49.91697, 0.9080877
9.966343, -49.91697, 0.9080877
9.969438, -49.91697, 0.9080877
9.972442, -49.91697, 0.9080877
9.975451, -49.91697, 0.9080877
9.978337, -49.91697, 0.9080877
9.981465, -49.91697, 0.9080877
9.984354, -49.91697, 0.9080877
9.987317, -49.91697, 0.9080877
9.989963, -49.91697, 0.9080877
9.992969, -49.91697, 0.9080877
9.996203, -49.91697, 0.9080877
9.999213, -49.91697, 0.9080877
10.00227, -49.91697, 0.9080877
10.00496, -49.91697, 0.9080877
10.00795, -49.91697, 0.9080877
10.01089, -49.91697, 0.9080877
10.01386, -49.91697, 0.9080877
10.01687, -49.91697, 0.9080877
10.02074, -49.91697, 0.9080877
10.02376, -49.91697, 0.9080877
10.02676, -49.91697, 0.9080877
10.02961, -49.91697, 0.9080877
10.03322, -49.91697, 0.9080877
10.04207, -49.91697, 0.9080877
10.04555, -49.91697, 0.9080877
10.04896, -49.91697, 0.9080877
10.064, -49.91697, 0.9080877
10.07629, -49.91697, 0.9080877
10.08374, -49.91697, 0.9080877
10.09177, -49.91697, 0.9080877
10.09379, -49.91697, 0.9080877
10.10091, -49.91697, 0.9080877
10.1079, -49.91697, 0.9080877
10.11385, -49.91697, 0.9080877
10.11607, -49.91697, 0.9080877
10.12349, -49.91697, 0.9080877
10.12703, -49.91697, 0.9080877
10.1298, -49.91697, 0.9080877
10.13301, -49.91697, 0.9080877
10.14001, -49.91697, 0.9080877
10.14163, -49.91697, 0.9080877
10.14436, -49.91697, 0.9080877
10.14734, -49.91697, 0.9080877
10.15063, -49.91697, 0.9080877
10.15746, -49.91697, 0.9080877
10.15923, -49.91697, 0.9080877
10.16213, -49.91697, 0.9080877
10.16515, -49.91697, 0.9080877
10.1725, -49.91697, 0.9080877
10.17424, -49.91697, 0.9080877
10.17715, -49.91697, 0.9080877
10.17991, -49.91697, 0.9080877
10.18253, -49.91697, 0.9080877
10.18979, -49.91697, 0.9080877
10.19212, -49.91697, 0.9080877
10.19514, -49.91697, 0.9080877
10.19801, -49.91697, 0.9080877
10.20061, -49.91697, 0.9080877
10.20762, -49.91697, 0.9080877
10.21126, -49.91697, 0.9080877
10.21412, -49.91697, 0.9080877
10.21724, -49.91697, 0.9080877
10.22008, -49.91697, 0.9080877
10.22298, -49.91697, 0.9080877
10.23048, -49.91697, 0.9080877
10.23352, -49.91697, 0.9080877
10.24122, -49.91697, 0.9080877
10.24725, -49.91697, 0.9080877
10.2492, -49.91697, 0.9080877
10.25701, -49.91697, 0.9080877
10.26266, -49.91697, 0.9080877
10.26434, -49.91697, 0.9080877
10.26781, -49.91697, 0.9080877
10.27407, -49.91697, 0.9080877
10.27725, -49.91697, 0.9080877
10.28006, -49.91697, 0.9080877
10.28269, -49.91697, 0.9080877
10.28545, -49.91697, 0.9080877
10.29341, -49.91697, 0.9080877
10.30102, -49.91697, 0.9080877
10.30759, -49.91697, 0.9080877
10.31362, -49.91697, 0.9080877
10.31662, -49.91697, 0.9080877
10.32333, -49.91697, 0.9080877
10.32888, -49.91697, 0.9080877
10.33087, -49.91697, 0.9080877
10.33387, -49.91697, 0.9080877
10.34015, -49.91697, 0.9080877
10.34713, -49.91697, 0.9080877
10.3491, -49.91697, 0.9080877
10.35597, -49.91697, 0.9080877
10.36248, -49.91697, 0.9080877
10.36414, -49.91697, 0.9080877
10.36749, -49.91697, 0.9080877
10.37467, -49.91697, 0.9080877
10.38005, -49.91697, 0.9080877
10.38323, -49.91697, 0.9080877
10.3864, -49.91697, 0.9080877
10.39315, -49.91697, 0.9080877
10.39488, -49.91697, 0.9080877
10.39775, -49.91697, 0.9080877
10.40087, -49.91697, 0.9080877
10.40775, -49.91697, 0.9080877
10.41372, -49.91697, 0.9080877
10.41554, -49.91697, 0.9080877
10.42285, -49.91697, 0.9080877
10.42904, -49.91697, 0.9080877
10.43072, -49.91697, 0.9080877
10.43404, -49.91697, 0.9080877
10.44103, -49.91697, 0.9080877
10.44855, -49.91697, 0.9080877
10.45538, -49.91697, 0.9080877
10.46119, -49.91697, 0.9080877
10.46293, -49.91697, 0.9080877
10.46622, -49.91697, 0.9080877
10.47344, -49.91697, 0.9080877
10.47875, -49.91697, 0.9080877
10.48076, -49.91697, 0.9080877
10.48407, -49.91697, 0.9080877
10.49153, -49.91697, 0.9080877
10.49785, -49.91697, 0.9080877
10.49992, -49.91697, 0.9080877
10.50711, -49.91697, 0.9080877
10.51445, -49.91697, 0.9080877
10.51651, -49.91697, 0.9080877
10.52318, -49.91697, 0.9080877
10.52946, -49.91697, 0.9080877
10.53281, -49.91697, 0.9080877
10.54026, -49.91697, 0.9080877
10.54583, -49.91697, 0.9080877
10.54762, -49.91697, 0.9080877
10.55516, -49.91697, 0.9080877
10.56204, -49.91697, 0.9080877
10.56827, -49.91697, 0.9080877
10.57008, -49.91697, 0.9080877
10.57758, -49.91697, 0.9080877
10.58307, -49.91697, 0.9080877
10.58893, -49.91697, 0.9080877
10.59462, -49.91697, 0.9080877
10.59695, -49.91697, 0.9080877
10.5999, -49.91697, 0.9080877
10.60278, -49.91697, 0.9080877
10.60525, -49.91697, 0.9080877
10.60802, -49.91697, 0.9080877
10.61084, -49.91697, 0.9080877
10.61362, -49.91697, 0.9080877
10.61656, -49.91697, 0.9080877
10.61922, -49.91697, 0.9080877
10.62236, -49.91697, 0.9080877
10.62516, -49.91697, 0.9080877
10.62801, -49.91697, 0.9080877
10.63065, -49.91697, 0.9080877
10.63355, -49.91697, 0.9080877
10.63669, -49.91697, 0.9080877
10.63902, -49.91697, 0.9080877
10.64171, -49.91697, 0.9080877
10.64423, -49.91697, 0.9080877
10.64708, -49.91697, 0.9080877
10.64993, -49.91697, 0.9080877
10.65253, -49.91697, 0.9080877
10.65513, -49.91697, 0.9080877
10.65781, -49.91697, 0.9080877
10.66021, -49.91697, 0.9080877
10.66252, -49.91697, 0.9080877
10.66503, -49.91697, 0.9080877
10.66755, -49.91697, 0.9080877
10.67066, -49.91697, 0.9080877
10.67353, -49.91697, 0.9080877
10.67641, -49.91697, 0.9080877
10.67918, -49.91697, 0.9080877
10.68151, -49.91697, 0.9080877
10.68463, -49.91697, 0.9080877
10.68722, -49.91697, 0.9080877
10.68983, -49.91697, 0.9080877
10.69263, -49.91697, 0.9080877
10.69541, -49.91697, 0.9080877
10.69771, -49.91697, 0.9080877
10.70065, -49.91697, 0.9080877
10.70343, -49.91697, 0.9080877
10.70592, -49.91697, 0.9080877
10.70861, -49.91697, 0.9080877
10.71108, -49.91697, 0.9080877
10.71352, -49.91697, 0.9080877
10.71592, -49.91697, 0.9080877
10.71861, -49.91697, 0.9080877
10.72153, -49.91697, 0.9080877
10.72421, -49.91697, 0.9080877
10.72673, -49.91697, 0.9080877
10.72914, -49.91697, 0.9080877
10.73164, -49.91697, 0.9080877
10.73403, -49.91697, 0.9080877
10.73641, -49.91697, 0.9080877
10.73881, -49.91697, 0.9080877
10.74161, -49.91697, 0.9080877
10.74399, -49.91697, 0.9080877
10.74631, -49.91697, 0.9080877
10.74883, -49.91697, 0.9080877
10.75131, -49.91697, 0.9080877
10.75424, -49.91697, 0.9080877
10.75702, -49.91697, 0.9080877
10.7594, -49.91697, 0.9080877
10.76192, -49.91697, 0.9080877
10.76493, -49.91697, 0.9080877
10.76771, -49.91697, 0.9080877
10.77074, -49.91697, 0.9080877
10.77321, -49.91697, 0.9080877
10.77563, -49.91697, 0.9080877
10.77811, -49.91697, 0.9080877
10.7805, -49.91697, 0.9080877
10.78341, -49.91697, 0.9080877
10.78571, -49.91697, 0.9080877
10.78843, -49.91697, 0.9080877
10.7911, -49.91697, 0.9080877
10.79375, -49.91697, 0.9080877
10.79596, -49.91697, 0.9080877
10.79892, -49.91697, 0.9080877
10.8014, -49.91697, 0.9080877
10.80418, -49.91697, 0.9080877
10.80642, -49.91697, 0.9080877
10.80893, -49.91697, 0.9080877
10.81118, -49.91697, 0.9080877
10.81362, -49.91697, 0.9080877
10.81613, -49.91697, 0.9080877
10.81884, -49.91697, 0.9080877
10.82203, -49.91697, 0.9080877
10.82473, -49.91697, 0.9080877
10.82708, -49.91697, 0.9080877
10.82973, -49.91697, 0.9080877
10.83253, -49.91697, 0.9080877
10.83481, -49.91697, 0.9080877
10.83742, -49.91697, 0.9080877
10.83986, -49.91697, 0.9080877
10.84263, -49.91697, 0.9080877
10.84503, -49.91697, 0.9080877
10.84783, -49.91697, 0.9080877
10.85024, -49.91697, 0.9080877
10.85251, -49.91697, 0.9080877
10.85512, -49.91697, 0.9080877
10.85751, -49.91697, 0.9080877
10.85994, -49.91697, 0.9080877
10.86234, -49.91697, 0.9080877
10.86461, -49.91697, 0.9080877
10.86722, -49.91697, 0.9080877
10.86964, -49.91697, 0.9080877
10.87211, -49.91697, 0.9080877
10.87451, -49.91697, 0.9080877
10.87712, -49.91697, 0.9080877
10.87993, -49.91697, 0.9080877
10.88232, -49.91697, 0.9080877
10.88473, -49.91697, 0.9080877
10.88755, -49.91697, 0.9080877
10.89032, -49.91697, 0.9080877
10.89301, -49.91697, 0.9080877
10.89584, -49.91697, 0.9080877
10.89861, -49.91697, 0.9080877
10.90123, -49.91697, 0.9080877
10.90411, -49.91697, 0.9080877
10.90683, -49.91697, 0.9080877
10.90973, -49.91697, 0.9080877
10.91212, -49.91697, 0.9080877
10.91774, -49.91697, 0.9080877
10.92062, -49.91697, 0.9080877
10.92293, -49.91697, 0.9080877
10.92583, -49.91697, 0.9080877
10.92817, -49.91697, 0.9080877
10.93063, -49.91697, 0.9080877
10.93316, -49.91697, 0.9080877
10.93602, -49.91697, 0.9080877
10.93895, -49.91697, 0.9080877
10.94162, -49.91697, 0.9080877
10.94403, -49.91697, 0.9080877
10.94653, -49.91697, 0.9080877
10.94893, -49.91697, 0.9080877
10.95132, -49.91697, 0.9080877
10.9544, -49.91697, 0.9080877
10.95672, -49.91697, 0.9080877
10.95921, -49.91697, 0.9080877
10.9616, -49.91697, 0.9080877
10.96391, -49.91697, 0.9080877
10.96651, -49.91697, 0.9080877
10.96937, -49.91697, 0.9080877
10.97208, -49.91697, 0.9080877
10.97846, -49.91697, 0.9080877
10.9815, -49.91697, 0.9080877
10.98948, -49.91697, 0.9080877
10.99565, -49.91697, 0.9080877
10.9985, -49.91697, 0.9080877
11.00677, -49.91697, 0.9080877
11.0134, -49.91697, 0.9080877
11.0155, -49.91697, 0.9080877
11.0236, -49.91697, 0.9080877
11.03318, -49.91697, 0.9080877
11.04004, -49.91697, 0.9080877
11.04367, -49.91697, 0.9080877
11.05104, -49.91697, 0.9080877
11.05722, -49.91697, 0.9080877
11.06311, -49.91697, 0.9080877
11.06653, -49.91697, 0.9080877
11.07002, -49.91697, 0.9080877
11.07654, -49.91697, 0.9080877
11.07824, -49.91697, 0.9080877
11.08104, -49.91697, 0.9080877
11.08553, -49.91697, 0.9080877
11.09332, -49.91697, 0.9080877
11.09515, -49.91697, 0.9080877
11.10542, -49.91697, 0.9080877
11.1132, -49.91697, 0.9080877
11.11503, -49.91697, 0.9080877
11.12257, -49.91697, 0.9080877
11.12865, -49.91697, 0.9080877
11.13153, -49.91697, 0.9080877
11.13955, -49.91697, 0.9080877
11.14134, -49.91697, 0.9080877
11.14427, -49.91697, 0.9080877
11.14704, -49.91697, 0.9080877
11.15068, -49.91697, 0.9080877
11.15303, -49.91697, 0.9080877
11.15564, -49.91697, 0.9080877
11.15842, -49.91697, 0.9080877
11.16126, -49.91697, 0.9080877
11.16352, -49.91697, 0.9080877
11.16652, -49.91697, 0.9080877
11.16941, -49.91697, 0.9080877
11.17193, -49.91697, 0.9080877
11.17474, -49.91697, 0.9080877
11.17756, -49.91697, 0.9080877
11.18046, -49.91697, 0.9080877
11.18325, -49.91697, 0.9080877
11.18604, -49.91697, 0.9080877
11.18853, -49.91697, 0.9080877
11.19173, -49.91697, 0.9080877
11.19461, -49.91697, 0.9080877
11.19703, -49.91697, 0.9080877
11.19993, -49.91697, 0.9080877
11.20285, -49.91697, 0.9080877
11.20608, -49.91697, 0.9080877
11.20882, -49.91697, 0.9080877
11.21167, -49.91697, 0.9080877
11.21474, -49.91697, 0.9080877
11.21775, -49.91697, 0.9080877
11.22095, -49.91697, 0.9080877
11.22394, -49.91697, 0.9080877
11.2272, -49.91697, 0.9080877
11.22957, -49.91697, 0.9080877
11.23279, -49.91697, 0.9080877
11.2418, -49.91697, 0.9080877
11.24889, -49.91697, 0.9080877
11.25591, -49.91697, 0.9080877
11.26344, -49.91697, 0.9080877
11.26547, -49.91697, 0.9080877
11.27256, -49.91697, 0.9080877
11.27877, -49.91697, 0.9080877
11.28237, -49.91697, 0.9080877
11.28967, -49.91697, 0.9080877
11.29536, -49.91697, 0.9080877
11.29829, -49.91697, 0.9080877
11.30531, -49.91697, 0.9080877
11.30704, -49.91697, 0.9080877
11.30994, -49.91697, 0.9080877
11.31291, -49.91697, 0.9080877
11.31572, -49.91697, 0.9080877
11.31852, -49.91697, 0.9080877
11.32654, -49.91697, 0.9080877
11.32823, -49.91697, 0.9080877
11.33112, -49.91697, 0.9080877
11.33429, -49.91697, 0.9080877
11.34119, -49.91697, 0.9080877
11.34461, -49.91697, 0.9080877
11.34741, -49.91697, 0.9080877
11.35059, -49.91697, 0.9080877
11.35378, -49.91697, 0.9080877
11.36093, -49.91697, 0.9080877
11.36395, -49.91697, 0.9080877
11.36717, -49.91697, 0.9080877
11.37414, -49.91697, 0.9080877
11.37582, -49.91697, 0.9080877
11.37871, -49.91697, 0.9080877
11.38174, -49.91697, 0.9080877
11.39404, -49.91697, 0.9080877
11.40028, -49.91697, 0.9080877
11.40711, -49.91697, 0.9080877
11.41423, -49.91697, 0.9080877
11.41602, -49.91697, 0.9080877
11.42291, -49.91697, 0.9080877
11.42948, -49.91697, 0.9080877
11.43143, -49.91697, 0.9080877
11.43882, -49.91697, 0.9080877
11.44406, -49.91697, 0.9080877
11.44754, -49.91697, 0.9080877
11.45072, -49.91697, 0.9080877
11.45769, -49.91697, 0.9080877
11.45942, -49.91697, 0.9080877
11.46247, -49.91697, 0.9080877
11.46524, -49.91697, 0.9080877
11.46774, -49.91697, 0.9080877
11.47092, -49.91697, 0.9080877
11.47396, -49.91697, 0.9080877
11.47674, -49.91697, 0.9080877
11.47941, -49.91697, 0.9080877
11.48253, -49.91697, 0.9080877
11.48547, -49.91697, 0.9080877
11.48843, -49.91697, 0.9080877
11.49133, -49.91697, 0.9080877
11.49414, -49.91697, 0.9080877
11.49694, -49.91697, 0.9080877
11.49995, -49.91697, 0.9080877
11.50274, -49.91697, 0.9080877
11.50584, -49.91697, 0.9080877
11.50865, -49.91697, 0.9080877
11.51142, -49.91697, 0.9080877
11.51433, -49.91697, 0.9080877
11.51733, -49.91697, 0.9080877
11.52038, -49.91697, 0.9080877
11.52283, -49.91697, 0.9080877
11.52574, -49.91697, 0.9080877
11.52856, -49.91697, 0.9080877
11.53145, -49.91697, 0.9080877
11.53483, -49.91697, 0.9080877
11.53805, -49.91697, 0.9080877
11.54104, -49.91697, 0.9080877
11.54381, -49.91697, 0.9080877
11.54674, -49.91697, 0.9080877
11.54984, -49.91697, 0.9080877
11.55273, -49.91697, 0.9080877
11.55588, -49.91697, 0.9080877
11.55872, -49.91697, 0.9080877
11.56181, -49.91697, 0.9080877
11.56467, -49.91697, 0.9080877
11.56796, -49.91697, 0.9080877
11.57098, -49.91697, 0.9080877
11.57385, -49.91697, 0.9080877
11.5767, -49.91697, 0.9080877
11.57956, -49.91697, 0.9080877
11.58254, -49.91697, 0.9080877
11.58525, -49.91697, 0.9080877
11.58827, -49.91697, 0.9080877
11.59129, -49.91697, 0.9080877
11.59424, -49.91697, 0.9080877
11.59784, -49.91697, 0.9080877
11.60094, -49.91697, 0.9080877
11.60418, -49.91697, 0.9080877
11.60704, -49.91697, 0.9080877
11.60996, -49.91697, 0.9080877
11.61279, -49.91697, 0.9080877
11.61586, -49.91697, 0.9080877
11.61881, -49.91697, 0.9080877
11.62185, -49.91697, 0.9080877
11.62465, -49.91697, 0.9080877
11.62753, -49.91697, 0.9080877
11.63035, -49.91697, 0.9080877
11.63334, -49.91697, 0.9080877
11.63639, -49.91697, 0.9080877
11.64004, -49.91697, 0.9080877
11.64283, -49.91697, 0.9080877
11.64578, -49.91697, 0.9080877
11.64885, -49.91697, 0.9080877
11.6523, -49.91697, 0.9080877
11.65495, -49.91697, 0.9080877
11.65784, -49.91697, 0.9080877
11.66065, -49.91697, 0.9080877
11.66355, -49.91697, 0.9080877
11.66676, -49.91697, 0.9080877
11.66979, -49.91697, 0.9080877
11.67234, -49.91697, 0.9080877
11.67528, -49.91697, 0.9080877
11.67817, -49.91697, 0.9080877
11.68105, -49.91697, 0.9080877
11.68433, -49.91697, 0.9080877
11.68765, -49.91697, 0.9080877
11.69063, -49.91697, 0.9080877
11.69382, -49.91697, 0.9080877
11.69626, -49.91697, 0.9080877
11.69918, -49.91697, 0.9080877
11.70175, -49.91697, 0.9080877
11.70572, -49.91697, 0.9080877
11.70844, -49.91697, 0.9080877
11.71142, -49.91697, 0.9080877
11.7147, -49.91697, 0.9080877
11.71789, -49.91697, 0.9080877
11.72107, -49.91697, 0.9080877
11.72423, -49.91697, 0.9080877
11.72723, -49.91697, 0.9080877
11.73014, -49.91697, 0.9080877
11.73284, -49.91697, 0.9080877
11.73583, -49.91697, 0.9080877
11.73896, -49.91697, 0.9080877
11.74199, -49.91697, 0.9080877
11.74492, -49.91697, 0.9080877
11.74787, -49.91697, 0.9080877
11.75125, -49.91697, 0.9080877
11.75446, -49.91697, 0.9080877
11.75745, -49.91697, 0.9080877
11.76052, -49.91697, 0.9080877
11.76334, -49.91697, 0.9080877
11.76635, -49.91697, 0.9080877
11.76942, -49.91697, 0.9080877
11.77227, -49.91697, 0.9080877
11.77527, -49.91697, 0.9080877
11.77812, -49.91697, 0.9080877
11.78115, -49.91697, 0.9080877
11.78457, -49.91697, 0.9080877
11.78769, -49.91697, 0.9080877
11.79145, -49.91697, 0.9080877
11.7945, -49.91697, 0.9080877
11.79758, -49.91697, 0.9080877
11.80108, -49.91697, 0.9080877
11.80426, -49.91697, 0.9080877
11.81894, -49.91697, 0.9080877
11.82648, -49.91697, 0.9080877
11.83312, -49.91697, 0.9080877
11.84109, -49.91697, 0.9080877
11.84302, -49.91697, 0.9080877
11.84997, -49.91697, 0.9080877
11.85731, -49.91697, 0.9080877
11.86276, -49.91697, 0.9080877
11.86482, -49.91697, 0.9080877
11.86738, -49.91697, 0.9080877
11.87439, -49.91697, 0.9080877
11.88183, -49.91697, 0.9080877
11.88905, -49.91697, 0.9080877
11.89466, -49.91697, 0.9080877
11.89814, -49.91697, 0.9080877
11.90143, -49.91697, 0.9080877
11.90867, -49.91697, 0.9080877
11.91405, -49.91697, 0.9080877
11.91712, -49.91697, 0.9080877
11.92342, -49.91697, 0.9080877
11.92523, -49.91697, 0.9080877
11.92822, -49.91697, 0.9080877
11.93105, -49.91697, 0.9080877
11.93445, -49.91697, 0.9080877
11.9417, -49.91697, 0.9080877
11.9435, -49.91697, 0.9080877
11.94635, -49.91697, 0.9080877
11.94967, -49.91697, 0.9080877
11.95713, -49.91697, 0.9080877
11.96045, -49.91697, 0.9080877
11.96323, -49.91697, 0.9080877
11.96644, -49.91697, 0.9080877
11.97338, -49.91697, 0.9080877
11.97504, -49.91697, 0.9080877
11.97786, -49.91697, 0.9080877
11.98044, -49.91697, 0.9080877
11.98374, -49.91697, 0.9080877
11.99076, -49.91697, 0.9080877
11.99222, -49.91697, 0.9080877
11.99506, -49.91697, 0.9080877
11.998, -49.91697, 0.9080877
12.00115, -49.91697, 0.9080877
12.00801, -49.91697, 0.9080877
12.00973, -49.91697, 0.9080877
12.01254, -49.91697, 0.9080877
12.01544, -49.91697, 0.9080877
12.01773, -49.91697, 0.9080877
12.02095, -49.91697, 0.9080877
12.02442, -49.91697, 0.9080877
12.02733, -49.91697, 0.9080877
12.03002, -49.91697, 0.9080877
12.03286, -49.91697, 0.9080877
12.04007, -49.91697, 0.9080877
12.04607, -49.91697, 0.9080877
12.04889, -49.91697, 0.9080877
12.05675, -49.91697, 0.9080877
12.06242, -49.91697, 0.9080877
12.06556, -49.91697, 0.9080877
12.07318, -49.91697, 0.9080877
12.07907, -49.91697, 0.9080877
12.08094, -49.91697, 0.9080877
12.08396, -49.91697, 0.9080877
12.09165, -49.91697, 0.9080877
12.09747, -49.91697, 0.9080877
12.09938, -49.91697, 0.9080877
12.10674, -49.91697, 0.9080877
12.10966, -49.91697, 0.9080877
12.11235, -49.91697, 0.9080877
12.115, -49.91697, 0.9080877
12.12301, -49.91697, 0.9080877
12.12903, -49.91697, 0.9080877
12.1317, -49.91697, 0.9080877
12.13914, -49.91697, 0.9080877
12.14522, -49.91697, 0.9080877
12.14692, -49.91697, 0.9080877
12.15003, -49.91697, 0.9080877
12.15737, -49.91697, 0.9080877
12.16325, -49.91697, 0.9080877
12.16496, -49.91697, 0.9080877
12.17286, -49.91697, 0.9080877
12.17999, -49.91697, 0.9080877
12.18183, -49.91697, 0.9080877
12.18444, -49.91697, 0.9080877
12.19136, -49.91697, 0.9080877
12.19844, -49.91697, 0.9080877
12.20021, -49.91697, 0.9080877
12.20311, -49.91697, 0.9080877
12.20569, -49.91697, 0.9080877
12.2132, -49.91697, 0.9080877
12.21644, -49.91697, 0.9080877
12.22405, -49.91697, 0.9080877
12.2296, -49.91697, 0.9080877
12.23137, -49.91697, 0.9080877
12.23414, -49.91697, 0.9080877
12.24046, -49.91697, 0.9080877
12.24677, -49.91697, 0.9080877
12.24865, -49.91697, 0.9080877
12.25529, -49.91697, 0.9080877
12.26233, -49.91697, 0.9080877
12.26404, -49.91697, 0.9080877
12.26709, -49.91697, 0.9080877
12.27427, -49.91697, 0.9080877
12.27949, -49.91697, 0.9080877
12.28143, -49.91697, 0.9080877
12.28883, -49.91697, 0.9080877
12.29482, -49.91697, 0.9080877
12.29653, -49.91697, 0.9080877
12.29935, -49.91697, 0.9080877
12.30604, -49.91697, 0.9080877
12.31142, -49.91697, 0.9080877
12.31656, -49.91697, 0.9080877
12.32337, -49.91697, 0.9080877
12.33013, -49.91697, 0.9080877
12.33214, -49.91697, 0.9080877
12.33816, -49.91697, 0.9080877
12.34422, -49.91697, 0.9080877
12.34772, -49.91697, 0.9080877
12.35092, -49.91697, 0.9080877
12.35752, -49.91697, 0.9080877
12.35892, -49.91697, 0.9080877
12.36172, -49.91697, 0.9080877
12.36412, -49.91697, 0.9080877
12.36702, -49.91697, 0.9080877
12.36943, -49.91697, 0.9080877
12.37252, -49.91697, 0.9080877
12.37554, -49.91697, 0.9080877
12.37833, -49.91697, 0.9080877
12.38115, -49.91697, 0.9080877
12.38429, -49.91697, 0.9080877
12.38674, -49.91697, 0.9080877
12.38913, -49.91697, 0.9080877
12.39193, -49.91697, 0.9080877
12.39432, -49.91697, 0.9080877
12.39681, -49.91697, 0.9080877
12.40008, -49.91697, 0.9080877
12.40728, -49.91697, 0.9080877
12.4149, -49.91697, 0.9080877
12.42273, -49.91697, 0.9080877
12.42859, -49.91697, 0.9080877
12.43149, -49.91697, 0.9080877
12.43862, -49.91697, 0.9080877
12.44369, -49.91697, 0.9080877
12.44547, -49.91697, 0.9080877
12.44813, -49.91697, 0.9080877
12.45136, -49.91697, 0.9080877
12.45459, -49.91697, 0.9080877
12.45734, -49.91697, 0.9080877
12.46021, -49.91697, 0.9080877
12.46255, -49.91697, 0.9080877
12.46542, -49.91697, 0.9080877
12.46802, -49.91697, 0.9080877
12.47043, -49.91697, 0.9080877
12.47273, -49.91697, 0.9080877
12.47564, -49.91697, 0.9080877
12.47798, -49.91697, 0.9080877
12.48042, -49.91697, 0.9080877
12.48388, -49.91697, 0.9080877
12.49084, -49.91697, 0.9080877
12.49355, -49.91697, 0.9080877
12.49634, -49.91697, 0.9080877
12.49911, -49.91697, 0.9080877
12.50678, -49.91697, 0.9080877
12.51252, -49.91697, 0.9080877
12.5155, -49.91697, 0.9080877
12.52246, -49.91697, 0.9080877
12.52413, -49.91697, 0.9080877
12.52716, -49.91697, 0.9080877
12.52992, -49.91697, 0.9080877
12.53269, -49.91697, 0.9080877
12.53998, -49.91697, 0.9080877
12.54163, -49.91697, 0.9080877
12.54468, -49.91697, 0.9080877
12.54712, -49.91697, 0.9080877
12.55029, -49.91697, 0.9080877
12.5572, -49.91697, 0.9080877
12.56395, -49.91697, 0.9080877
12.56577, -49.91697, 0.9080877
12.57326, -49.91697, 0.9080877
12.57882, -49.91697, 0.9080877
12.58111, -49.91697, 0.9080877
12.58425, -49.91697, 0.9080877
12.59089, -49.91697, 0.9080877
12.59633, -49.91697, 0.9080877
12.59916, -49.91697, 0.9080877
12.60186, -49.91697, 0.9080877
12.60847, -49.91697, 0.9080877
12.61393, -49.91697, 0.9080877
12.61578, -49.91697, 0.9080877
12.62266, -49.91697, 0.9080877
12.62963, -49.91697, 0.9080877
12.6315, -49.91697, 0.9080877
12.63838, -49.91697, 0.9080877
12.64649, -49.91697, 0.9080877
12.65166, -49.91697, 0.9080877
12.65822, -49.91697, 0.9080877
12.66006, -49.91697, 0.9080877
12.66752, -49.91697, 0.9080877
12.67364, -49.91697, 0.9080877
12.67533, -49.91697, 0.9080877
12.67845, -49.91697, 0.9080877
12.68796, -49.91697, 0.9080877
12.6956, -49.91697, 0.9080877
12.69738, -49.91697, 0.9080877
12.70498, -49.91697, 0.9080877
12.71306, -49.91697, 0.9080877
12.71487, -49.91697, 0.9080877
12.72254, -49.91697, 0.9080877
12.72868, -49.91697, 0.9080877
12.73738, -49.91697, 0.9080877
12.74273, -49.91697, 0.9080877
12.7444, -49.91697, 0.9080877
12.75322, -49.91697, 0.9080877
12.7561, -49.91697, 0.9080877
12.76362, -49.91697, 0.9080877
12.77161, -49.91697, 0.9080877
12.77907, -49.91697, 0.9080877
12.78645, -49.91697, 0.9080877
12.79264, -49.91697, 0.9080877
12.79437, -49.91697, 0.9080877
12.80158, -49.91697, 0.9080877
12.804, -49.91697, 0.9080877
12.81058, -49.91697, 0.9080877
12.82177, -49.91697, 0.9080877
12.82814, -49.91697, 0.9080877
12.83452, -49.91697, 0.9080877
12.84097, -49.91697, 0.9080877
12.84275, -49.91697, 0.9080877
12.84948, -49.91697, 0.9080877
12.85097, -49.91697, 0.9080877
12.85799, -49.91697, 0.9080877
12.86134, -49.91697, 0.9080877
12.87168, -49.91697, 0.9080877
12.8766, -49.91697, 0.9080877
12.88311, -49.91697, 0.9080877
12.88499, -49.91697, 0.9080877
12.89291, -49.91697, 0.9080877
12.89853, -49.91697, 0.9080877
12.90146, -49.91697, 0.9080877
12.90483, -49.91697, 0.9080877
12.91202, -49.91697, 0.9080877
12.91379, -49.91697, 0.9080877
12.9219, -49.91697, 0.9080877
12.92943, -49.91697, 0.9080877
12.93512, -49.91697, 0.9080877
12.94144, -49.91697, 0.9080877
12.94443, -49.91697, 0.9080877
12.94721, -49.91697, 0.9080877
12.9551, -49.91697, 0.9080877
12.96074, -49.91697, 0.9080877
12.96979, -49.91697, 0.9080877
12.97484, -49.91697, 0.9080877
12.97677, -49.91697, 0.9080877
12.98387, -49.91697, 0.9080877
12.98712, -49.91697, 0.9080877
12.99389, -49.91697, 0.9080877
12.99564, -49.91697, 0.9080877
13.00426, -49.91697, 0.9080877
13.01155, -49.91697, 0.9080877
13.01626, -49.91697, 0.9080877
13.01818, -49.91697, 0.9080877
13.0253, -49.91697, 0.9080877
13.02868, -49.91697, 0.9080877
13.0378, -49.91697, 0.9080877
13.04404, -49.91697, 0.9080877
13.04704, -49.91697, 0.9080877
13.05581, -49.91697, 0.9080877
13.06227, -49.91697, 0.9080877
13.0707, -49.91697, 0.9080877
13.07597, -49.91697, 0.9080877
13.08176, -49.91697, 0.9080877
13.08381, -49.91697, 0.9080877
13.09163, -49.91697, 0.9080877
13.09493, -49.91697, 0.9080877
13.09778, -49.91697, 0.9080877
13.10561, -49.91697, 0.9080877
13.11159, -49.91697, 0.9080877
13.12107, -49.91697, 0.9080877
13.12635, -49.91697, 0.9080877
13.13136, -49.91697, 0.9080877
13.13386, -49.91697, 0.9080877
13.13719, -49.91697, 0.9080877
13.14335, -49.91697, 0.9080877
13.14502, -49.91697, 0.9080877
13.14773, -49.91697, 0.9080877
13.15042, -49.91697, 0.9080877
13.15331, -49.91697, 0.9080877
13.15655, -49.91697, 0.9080877
13.16371, -49.91697, 0.9080877
13.16532, -49.91697, 0.9080877
13.16796, -49.91697, 0.9080877
13.17132, -49.91697, 0.9080877
13.17861, -49.91697, 0.9080877
13.18122, -49.91697, 0.9080877
13.18424, -49.91697, 0.9080877
13.18733, -49.91697, 0.9080877
13.19476, -49.91697, 0.9080877
13.19723, -49.91697, 0.9080877
13.20013, -49.91697, 0.9080877
13.20303, -49.91697, 0.9080877
13.20565, -49.91697, 0.9080877
13.21307, -49.91697, 0.9080877
13.21483, -49.91697, 0.9080877
13.21774, -49.91697, 0.9080877
13.22128, -49.91697, 0.9080877
13.22821, -49.91697, 0.9080877
13.22992, -49.91697, 0.9080877
13.23251, -49.91697, 0.9080877
13.23522, -49.91697, 0.9080877
13.23852, -49.91697, 0.9080877
13.24553, -49.91697, 0.9080877
13.24724, -49.91697, 0.9080877
13.25014, -49.91697, 0.9080877
13.25311, -49.91697, 0.9080877
13.25974, -49.91697, 0.9080877
13.26257, -49.91697, 0.9080877
13.26522, -49.91697, 0.9080877
13.26763, -49.91697, 0.9080877
13.26987, -49.91697, 0.9080877
13.27257, -49.91697, 0.9080877
13.27963, -49.91697, 0.9080877
13.28193, -49.91697, 0.9080877
13.28433, -49.91697, 0.9080877
13.28801, -49.91697, 0.9080877
13.29523, -49.91697, 0.9080877
13.29692, -49.91697, 0.9080877
13.29952, -49.91697, 0.9080877
13.30218, -49.91697, 0.9080877
13.30516, -49.91697, 0.9080877
13.31268, -49.91697, 0.9080877
13.31435, -49.91697, 0.9080877
13.31733, -49.91697, 0.9080877
13.32022, -49.91697, 0.9080877
13.32251, -49.91697, 0.9080877
13.33221, -49.91697, 0.9080877
13.33463, -49.91697, 0.9080877
13.33709, -49.91697, 0.9080877
13.33965, -49.91697, 0.9080877
13.34713, -49.91697, 0.9080877
13.35022, -49.91697, 0.9080877
13.35296, -49.91697, 0.9080877
13.35563, -49.91697, 0.9080877
13.35845, -49.91697, 0.9080877
13.36134, -49.91697, 0.9080877
13.36411, -49.91697, 0.9080877
13.36708, -49.91697, 0.9080877
13.3698, -49.91697, 0.9080877
13.37231, -49.91697, 0.9080877
13.37514, -49.91697, 0.9080877
13.3775, -49.91697, 0.9080877
13.38043, -49.91697, 0.9080877
13.38305, -49.91697, 0.9080877
13.3856, -49.91697, 0.9080877
13.38822, -49.91697, 0.9080877
13.39103, -49.91697, 0.9080877
13.39352, -49.91697, 0.9080877
13.39582, -49.91697, 0.9080877
13.39824, -49.91697, 0.9080877
13.40072, -49.91697, 0.9080877
13.40316, -49.91697, 0.9080877
13.40552, -49.91697, 0.9080877
13.40823, -49.91697, 0.9080877
13.41101, -49.91697, 0.9080877
13.41396, -49.91697, 0.9080877
13.41693, -49.91697, 0.9080877
13.41967, -49.91697, 0.9080877
13.42212, -49.91697, 0.9080877
13.42485, -49.91697, 0.9080877
13.42716, -49.91697, 0.9080877
13.42976, -49.91697, 0.9080877
13.43233, -49.91697, 0.9080877
13.43471, -49.91697, 0.9080877
13.43737, -49.91697, 0.9080877
13.43992, -49.91697, 0.9080877
13.44263, -49.91697, 0.9080877
13.44491, -49.91697, 0.9080877
13.4473, -49.91697, 0.9080877
13.45052, -49.91697, 0.9080877
13.45278, -49.91697, 0.9080877
13.45532, -49.91697, 0.9080877
13.45803, -49.91697, 0.9080877
13.46046, -49.91697, 0.9080877
13.46283, -49.91697, 0.9080877
13.46589, -49.91697, 0.9080877
13.47292, -49.91697, 0.9080877
13.47571, -49.91697, 0.9080877
13.47844, -49.91697, 0.9080877
13.4808, -49.91697, 0.9080877
13.48413, -49.91697, 0.9080877
13.49169, -49.91697, 0.9080877
13.50002, -49.91697, 0.9080877
13.50718, -49.91697, 0.9080877
13.51357, -49.91697, 0.9080877
13.51744, -49.91697, 0.9080877
13.52427, -49.91697, 0.9080877
13.53055, -49.91697, 0.9080877
13.53263, -49.91697, 0.9080877
13.53581, -49.91697, 0.9080877
13.54359, -49.91697, 0.9080877
13.55035, -49.91697, 0.9080877
13.55664, -49.91697, 0.9080877
13.56452, -51.59806, 0.8965895
13.5667, -51.59806, 0.8965895
13.57388, -51.59806, 0.8965895
13.57987, -51.59806, 0.8965895
13.58192, -51.59806, 0.8965895
13.58919, -51.59806, 0.8965895
13.59526, -51.59806, 0.8965895
13.59693, -51.59806, 0.8965895
13.60014, -51.59806, 0.8965895
13.60808, -51.59806, 0.8965895
13.61387, -51.59806, 0.8965895
13.62024, -51.59806, 0.8965895
13.62372, -49.07362, 0.8977953
13.63126, -49.07362, 0.8977953
13.63717, -49.07362, 0.8977953
13.63911, -49.07362, 0.8977953
13.64577, -49.07362, 0.8977953
13.64907, -51.42686, 0.8834118
13.65652, -51.42686, 0.8834118
13.66216, -51.42686, 0.8834118
13.66589, -54.79075, 0.7409104
13.67284, -54.79075, 0.7409104
13.67812, -54.79075, 0.7409104
13.68, -54.79075, 0.7409104
13.68695, -54.79075, 0.7409104
13.68996, -54.79075, 0.7409104
13.69663, -54.79075, 0.7409104
13.70327, -54.79075, 0.7409104
13.70498, -54.79075, 0.7409104
13.71243, -54.79075, 0.7409104
13.71452, -54.79075, 0.7409104
13.72213, -54.79075, 0.7409104
13.72768, -54.79075, 0.7409104
13.73057, -54.79075, 0.7409104
13.73845, -54.79075, 0.7409104
13.74456, -54.79075, 0.7409104
13.74659, -54.79075, 0.7409104
13.75462, -54.79075, 0.7409104
13.76126, -54.79075, 0.7409104
13.76331, -54.79075, 0.7409104
13.77153, -54.79075, 0.7409104
13.77868, -54.79075, 0.7409104
13.78035, -54.79075, 0.7409104
13.78346, -54.79075, 0.7409104
13.79066, -54.79075, 0.7409104
13.79358, -54.79075, 0.7409104
13.79621, -54.79075, 0.7409104
13.7989, -54.79075, 0.7409104
13.80131, -54.79075, 0.7409104
13.80392, -54.79075, 0.7409104
13.806, -54.79075, 0.7409104
13.81066, -54.79075, 0.7409104
13.81343, -54.79075, 0.7409104
13.81584, -54.79075, 0.7409104
13.81883, -54.79075, 0.7409104
13.82182, -54.79075, 0.7409104
13.82453, -54.79075, 0.7409104
13.82741, -54.79075, 0.7409104
13.83022, -54.79075, 0.7409104
13.83322, -54.79075, 0.7409104
13.83611, -54.79075, 0.7409104
13.83893, -54.79075, 0.7409104
13.84131, -54.79075, 0.7409104
13.84422, -54.79075, 0.7409104
13.84663, -54.79075, 0.7409104
13.84962, -54.79075, 0.7409104
13.85233, -54.79075, 0.7409104
13.855, -54.79075, 0.7409104
13.85773, -54.79075, 0.7409104
13.86048, -54.79075, 0.7409104
13.86272, -54.79075, 0.7409104
13.86513, -54.79075, 0.7409104
13.86761, -54.79075, 0.7409104
13.87049, -54.79075, 0.7409104
13.8733, -54.79075, 0.7409104
13.87994, -54.79075, 0.7409104
13.8828, -54.79075, 0.7409104
13.89041, -54.79075, 0.7409104
13.89664, -54.79075, 0.7409104
13.89877, -54.79075, 0.7409104
13.90742, -54.79075, 0.7409104
13.91375, -54.79075, 0.7409104
13.91557, -54.79075, 0.7409104
13.92297, -54.79075, 0.7409104
13.93062, -54.79075, 0.7409104
13.93251, -54.79075, 0.7409104
13.94014, -54.79075, 0.7409104
13.94744, -54.79075, 0.7409104
13.9493, -54.79075, 0.7409104
13.9567, -54.79075, 0.7409104
13.96257, -54.79075, 0.7409104
13.9661, -54.79075, 0.7409104
13.97351, -54.79075, 0.7409104
13.97936, -54.79075, 0.7409104
13.98111, -54.79075, 0.7409104
13.98454, -54.79075, 0.7409104
13.99217, -54.79075, 0.7409104
13.99734, -54.79075, 0.7409104
13.99948, -54.79075, 0.7409104
14.00668, -54.79075, 0.7409104
14.00964, -54.79075, 0.7409104
14.01246, -54.79075, 0.7409104
14.01564, -54.79075, 0.7409104
14.02302, -54.79075, 0.7409104
14.02474, -54.79075, 0.7409104
14.02723, -54.79075, 0.7409104
14.03043, -54.79075, 0.7409104
14.03365, -54.79075, 0.7409104
14.03637, -54.79075, 0.7409104
14.03892, -54.79075, 0.7409104
14.04174, -54.79075, 0.7409104
14.04468, -54.79075, 0.7409104
14.04723, -54.79075, 0.7409104
14.05012, -54.79075, 0.7409104
14.05302, -54.79075, 0.7409104
14.05589, -54.79075, 0.7409104
14.06363, -54.79075, 0.7409104
14.0655, -54.79075, 0.7409104
14.07309, -54.79075, 0.7409104
14.08017, -54.79075, 0.7409104
14.0822, -54.79075, 0.7409104
14.0896, -54.79075, 0.7409104
14.0973, -54.79075, 0.7409104
14.09921, -54.79075, 0.7409104
14.10669, -54.79075, 0.7409104
14.11273, -54.79075, 0.7409104
14.11473, -54.79075, 0.7409104
14.11731, -54.79075, 0.7409104
14.12424, -54.79075, 0.7409104
14.12592, -54.79075, 0.7409104
14.12885, -54.79075, 0.7409104
14.13196, -54.79075, 0.7409104
14.13917, -54.79075, 0.7409104
14.14534, -54.79075, 0.7409104
14.14703, -54.79075, 0.7409104
14.15017, -54.79075, 0.7409104
14.15288, -54.79075, 0.7409104
14.15553, -54.79075, 0.7409104
14.15882, -54.79075, 0.7409104
14.16154, -54.79075, 0.7409104
14.16432, -54.79075, 0.7409104
14.16732, -54.79075, 0.7409104
14.17017, -54.79075, 0.7409104
14.17275, -54.79075, 0.7409104
14.17564, -54.79075, 0.7409104
14.17832, -54.79075, 0.7409104
14.18141, -54.79075, 0.7409104
14.18473, -54.79075, 0.7409104
14.19338, -54.79075, 0.7409104
14.19508, -54.79075, 0.7409104
14.19782, -54.79075, 0.7409104
14.20095, -54.79075, 0.7409104
14.20375, -54.79075, 0.7409104
14.20613, -54.79075, 0.7409104
14.20895, -54.79075, 0.7409104
14.21172, -54.79075, 0.7409104
14.21462, -54.79075, 0.7409104
14.21743, -54.79075, 0.7409104
14.22593, -54.79075, 0.7409104
14.23265, -54.79075, 0.7409104
14.23902, -54.79075, 0.7409104
14.24168, -54.79075, 0.7409104
14.24942, -54.79075, 0.7409104
14.25573, -54.79075, 0.7409104
14.2611, -54.79075, 0.7409104
14.26394, -54.79075, 0.7409104
14.26714, -54.79075, 0.7409104
14.27501, -54.79075, 0.7409104
14.27673, -54.79075, 0.7409104
14.27955, -54.79075, 0.7409104
14.28257, -54.79075, 0.7409104
14.2909, -54.79075, 0.7409104
14.29631, -54.79075, 0.7409104
14.29957, -54.79075, 0.7409104
14.30664, -54.79075, 0.7409104
14.3093, -54.79075, 0.7409104
14.3121, -54.79075, 0.7409104
14.31503, -54.79075, 0.7409104
14.32302, -54.79075, 0.7409104
14.32473, -54.79075, 0.7409104
14.32775, -54.79075, 0.7409104
14.33054, -54.79075, 0.7409104
14.33384, -54.79075, 0.7409104
14.34044, -54.79075, 0.7409104
14.34213, -54.79075, 0.7409104
14.34503, -54.79075, 0.7409104
14.34773, -54.79075, 0.7409104
14.35104, -54.79075, 0.7409104
14.35424, -54.79075, 0.7409104
14.35699, -54.79075, 0.7409104
14.35964, -54.79075, 0.7409104
14.36256, -54.79075, 0.7409104
14.36523, -54.79075, 0.7409104
14.36775, -54.79075, 0.7409104
14.37091, -54.79075, 0.7409104
14.37322, -54.79075, 0.7409104
14.3761, -54.79075, 0.7409104
14.37862, -54.79075, 0.7409104
14.38153, -54.79075, 0.7409104
14.38471, -54.79075, 0.7409104
14.38804, -54.79075, 0.7409104
14.39075, -54.79075, 0.7409104
14.39389, -54.79075, 0.7409104
14.39583, -54.79075, 0.7409104
14.39824, -54.79075, 0.7409104
14.40074, -54.79075, 0.7409104
14.40357, -54.79075, 0.7409104
14.40603, -54.79075, 0.7409104
14.40882, -54.79075, 0.7409104
14.41127, -54.79075, 0.7409104
14.41393, -54.79075, 0.7409104
14.41682, -54.79075, 0.7409104
14.41957, -54.79075, 0.7409104
14.42275, -54.79075, 0.7409104
14.42543, -54.79075, 0.7409104
14.42823, -54.79075, 0.7409104
14.43071, -54.79075, 0.7409104
14.43353, -54.79075, 0.7409104
14.43595, -54.79075, 0.7409104
14.43897, -54.79075, 0.7409104
14.44173, -54.79075, 0.7409104
14.44413, -54.79075, 0.7409104
14.44684, -54.79075, 0.7409104
14.44946, -54.79075, 0.7409104
14.45211, -54.79075, 0.7409104
14.45454, -54.79075, 0.7409104
14.45731, -54.79075, 0.7409104
14.46001, -54.79075, 0.7409104
14.46276, -54.79075, 0.7409104
14.46552, -54.79075, 0.7409104
14.46811, -54.79075, 0.7409104
14.47128, -54.79075, 0.7409104
14.47373, -54.79075, 0.7409104
14.47656, -54.79075, 0.7409104
14.4793, -54.79075, 0.7409104
14.48172, -54.79075, 0.7409104
14.48412, -54.79075, 0.7409104
14.48662, -54.79075, 0.7409104
14.48911, -54.79075, 0.7409104
14.49164, -54.79075, 0.7409104
14.49448, -54.79075, 0.7409104
14.49673, -54.79075, 0.7409104
14.49923, -54.79075, 0.7409104
14.50224, -54.79075, 0.7409104
14.50453, -54.79075, 0.7409104
14.50694, -54.79075, 0.7409104
14.5092, -54.79075, 0.7409104
14.51166, -54.79075, 0.7409104
14.51403, -54.79075, 0.7409104
14.51672, -54.79075, 0.7409104
14.51951, -54.79075, 0.7409104
14.52201, -54.79075, 0.7409104
14.52492, -54.79075, 0.7409104
14.52775, -54.79075, 0.7409104
14.53012, -54.79075, 0.7409104
14.53272, -54.79075, 0.7409104
14.53502, -54.79075, 0.7409104
14.53779, -54.79075, 0.7409104
14.54013, -54.79075, 0.7409104
14.54243, -54.79075, 0.7409104
14.54488, -54.79075, 0.7409104
14.54735, -54.79075, 0.7409104
14.54991, -54.79075, 0.7409104
14.55265, -54.79075, 0.7409104
14.55522, -54.79075, 0.7409104
14.55764, -54.79075, 0.7409104
14.56047, -54.79075, 0.7409104
14.56292, -54.79075, 0.7409104
14.56572, -54.79075, 0.7409104
14.56812, -54.79075, 0.7409104
14.57089, -54.79075, 0.7409104
14.57345, -54.79075, 0.7409104
14.57621, -54.79075, 0.7409104
14.57903, -54.79075, 0.7409104
14.58132, -54.79075, 0.7409104
14.58426, -54.79075, 0.7409104
14.58718, -54.79075, 0.7409104
14.58953, -54.79075, 0.7409104
14.59247, -54.79075, 0.7409104
14.59548, -54.79075, 0.7409104
14.59825, -54.79075, 0.7409104
14.60123, -54.79075, 0.7409104
14.60423, -54.79075, 0.7409104
14.60714, -54.79075, 0.7409104
14.60991, -54.79075, 0.7409104
14.61234, -54.79075, 0.7409104
14.61513, -54.79075, 0.7409104
14.61753, -54.79075, 0.7409104
14.62003, -54.79075, 0.7409104
14.62253, -54.79075, 0.7409104
14.62542, -54.79075, 0.7409104
14.62772, -54.79075, 0.7409104
14.63001, -54.79075, 0.7409104
14.63263, -54.79075, 0.7409104
14.6352, -54.79075, 0.7409104
14.63783, -54.79075, 0.7409104
14.64021, -54.79075, 0.7409104
14.64263, -54.79075, 0.7409104
14.64497, -54.79075, 0.7409104
14.64725, -54.79075, 0.7409104
14.64977, -54.79075, 0.7409104
14.65207, -54.79075, 0.7409104
14.65482, -54.79075, 0.7409104
14.65774, -54.79075, 0.7409104
14.66052, -54.79075, 0.7409104
14.66269, -54.79075, 0.7409104
14.66521, -54.79075, 0.7409104
14.66802, -54.79075, 0.7409104
14.67433, -54.79075, 0.7409104
14.67711, -54.79075, 0.7409104
14.68004, -54.79075, 0.7409104
14.68303, -54.79075, 0.7409104
14.6858, -54.79075, 0.7409104
14.68843, -54.79075, 0.7409104
14.69109, -54.79075, 0.7409104
14.69398, -54.79075, 0.7409104
14.69685, -54.79075, 0.7409104
14.69999, -54.79075, 0.7409104
14.70768, -54.79075, 0.7409104
14.71569, -54.79075, 0.7409104
14.7221, -54.79075, 0.7409104
14.72772, -54.79075, 0.7409104
14.72954, -54.79075, 0.7409104
14.73294, -54.79075, 0.7409104
14.74094, -54.79075, 0.7409104
14.7472, -54.79075, 0.7409104
14.7493, -54.79075, 0.7409104
14.75699, -54.79075, 0.7409104
14.76459, -54.79075, 0.7409104
14.76677, -54.79075, 0.7409104
14.77413, -54.79075, 0.7409104
14.78283, -54.79075, 0.7409104
14.78957, -54.79075, 0.7409104
14.79511, -54.79075, 0.7409104
14.79827, -54.79075, 0.7409104
14.80607, -54.79075, 0.7409104
14.81248, -54.79075, 0.7409104
14.81434, -54.79075, 0.7409104
14.81757, -54.79075, 0.7409104
14.82475, -54.79075, 0.7409104
14.8306, -54.79075, 0.7409104
14.83265, -54.79075, 0.7409104
14.83957, -54.79075, 0.7409104
14.84683, -54.79075, 0.7409104
14.84894, -54.79075, 0.7409104
14.85588, -54.79075, 0.7409104
14.86206, -54.79075, 0.7409104
14.8652, -54.79075, 0.7409104
14.87164, -54.79075, 0.7409104
14.87772, -54.79075, 0.7409104
14.87932, -54.79075, 0.7409104
14.88236, -54.79075, 0.7409104
14.8888, -54.79075, 0.7409104
14.89043, -54.79075, 0.7409104
14.89333, -54.79075, 0.7409104
14.8958, -54.79075, 0.7409104
14.8989, -54.79075, 0.7409104
14.90552, -54.79075, 0.7409104
14.90723, -54.79075, 0.7409104
14.91007, -54.79075, 0.7409104
14.91279, -54.79075, 0.7409104
14.91622, -54.79075, 0.7409104
14.92374, -54.79075, 0.7409104
14.92715, -54.79075, 0.7409104
14.93002, -54.79075, 0.7409104
14.93323, -54.79075, 0.7409104
14.9413, -54.79075, 0.7409104
14.94742, -54.79075, 0.7409104
14.95019, -54.79075, 0.7409104
14.95699, -54.79075, 0.7409104
14.95852, -54.79075, 0.7409104
14.96148, -54.79075, 0.7409104
14.96424, -54.79075, 0.7409104
14.96746, -54.79075, 0.7409104
14.97031, -54.79075, 0.7409104
14.97284, -54.79075, 0.7409104
14.97553, -54.79075, 0.7409104
14.97856, -54.79075, 0.7409104
14.98144, -54.79075, 0.7409104
14.98443, -54.79075, 0.7409104
14.98753, -54.79075, 0.7409104
14.99025, -54.79075, 0.7409104
14.99304, -54.79075, 0.7409104
14.99584, -54.79075, 0.7409104
14.99863, -54.79075, 0.7409104
15.00124, -54.79075, 0.7409104
15.00453, -54.79075, 0.7409104
15.00755, -54.79075, 0.7409104
15.01052, -54.79075, 0.7409104
15.01275, -54.79075, 0.7409104
15.01575, -54.79075, 0.7409104
15.01823, -54.79075, 0.7409104
15.02134, -54.79075, 0.7409104
15.02434, -54.79075, 0.7409104
15.02731, -54.79075, 0.7409104
15.03024, -54.79075, 0.7409104
15.03355, -54.79075, 0.7409104
15.0363, -54.79075, 0.7409104
15.03945, -54.79075, 0.7409104
15.04224, -54.79075, 0.7409104
15.04504, -54.79075, 0.7409104
15.04807, -54.79075, 0.7409104
15.051, -54.79075, 0.7409104
15.05418, -54.79075, 0.7409104
15.05693, -54.79075, 0.7409104
15.05975, -54.79075, 0.7409104
15.06276, -54.79075, 0.7409104
15.06565, -54.79075, 0.7409104
15.06834, -54.79075, 0.7409104
15.07152, -54.79075, 0.7409104
15.07456, -54.79075, 0.7409104
15.07732, -54.79075, 0.7409104
15.08004, -54.79075, 0.7409104
15.08307, -54.79075, 0.7409104
15.08611, -54.79075, 0.7409104
15.08894, -54.79075, 0.7409104
15.09196, -54.79075, 0.7409104
15.09565, -54.79075, 0.7409104
15.09864, -54.79075, 0.7409104
15.10144, -54.79075, 0.7409104
15.1047, -54.79075, 0.7409104
15.10773, -54.79075, 0.7409104
15.11063, -54.79075, 0.7409104
15.11333, -54.79075, 0.7409104
15.11635, -54.79075, 0.7409104
15.11936, -54.79075, 0.7409104
15.12234, -54.79075, 0.7409104
15.12504, -54.79075, 0.7409104
15.12835, -54.79075, 0.7409104
15.13117, -54.79075, 0.7409104
15.13417, -54.79075, 0.7409104
15.1371, -54.79075, 0.7409104
15.14072, -54.79075, 0.7409104
15.1439, -54.79075, 0.7409104
15.14604, -54.79075, 0.7409104
15.14906, -54.79075, 0.7409104
15.152, -54.79075, 0.7409104
15.15858, -54.79075, 0.7409104
15.16069, -54.79075, 0.7409104
15.16312, -54.79075, 0.7409104
15.16593, -54.79075, 0.7409104
15.16887, -54.79075, 0.7409104
15.17182, -54.79075, 0.7409104
15.17475, -54.79075, 0.7409104
15.1778, -54.79075, 0.7409104
15.18055, -54.79075, 0.7409104
15.18364, -54.79075, 0.7409104
15.18653, -54.79075, 0.7409104
15.18904, -54.79075, 0.7409104
15.19206, -54.79075, 0.7409104
15.195, -54.79075, 0.7409104
15.19784, -54.79075, 0.7409104
15.20093, -54.79075, 0.7409104
15.20467, -54.79075, 0.7409104
15.21254, -54.79075, 0.7409104
15.21433, -54.79075, 0.7409104
15.21785, -54.79075, 0.7409104
15.22535, -54.79075, 0.7409104
15.234, -54.79075, 0.7409104
15.24074, -54.79075, 0.7409104
15.24424, -54.79075, 0.7409104
15.25143, -54.79075, 0.7409104
15.25729, -54.79075, 0.7409104
15.2627, -54.79075, 0.7409104
15.26603, -54.79075, 0.7409104
15.27297, -54.79075, 0.7409104
15.27838, -54.79075, 0.7409104
15.28013, -54.79075, 0.7409104
15.28369, -54.79075, 0.7409104
15.29203, -54.79075, 0.7409104
15.29781, -54.79075, 0.7409104
15.29998, -54.79075, 0.7409104
15.30659, -54.79075, 0.7409104
15.31383, -54.79075, 0.7409104
15.31579, -54.79075, 0.7409104
15.32321, -54.79075, 0.7409104
15.32918, -54.79075, 0.7409104
15.33214, -54.79075, 0.7409104
15.33897, -54.79075, 0.7409104
15.34427, -54.79075, 0.7409104
15.34592, -54.79075, 0.7409104
15.34918, -54.79075, 0.7409104
15.35651, -54.79075, 0.7409104
15.3622, -54.79075, 0.7409104
15.36393, -54.79075, 0.7409104
15.36712, -54.79075, 0.7409104
15.37394, -54.79075, 0.7409104
15.38099, -54.79075, 0.7409104
15.38263, -54.79075, 0.7409104
15.38546, -54.79075, 0.7409104
15.38811, -54.79075, 0.7409104
15.39083, -54.79075, 0.7409104
15.39385, -54.79075, 0.7409104
15.39651, -54.79075, 0.7409104
15.39944, -54.79075, 0.7409104
15.40172, -54.79075, 0.7409104
15.40453, -54.79075, 0.7409104
15.40743, -54.79075, 0.7409104
15.40973, -54.79075, 0.7409104
15.41212, -54.79075, 0.7409104
15.41442, -54.79075, 0.7409104
15.41704, -54.79075, 0.7409104
15.41935, -54.79075, 0.7409104
15.42213, -54.79075, 0.7409104
15.42441, -54.79075, 0.7409104
15.42734, -54.79075, 0.7409104
15.42983, -54.79075, 0.7409104
15.43282, -54.79075, 0.7409104
15.43557, -54.79075, 0.7409104
15.43901, -54.79075, 0.7409104
15.44141, -54.79075, 0.7409104
15.44423, -54.79075, 0.7409104
15.44703, -54.79075, 0.7409104
15.44954, -54.79075, 0.7409104
15.4521, -54.79075, 0.7409104
15.45463, -54.79075, 0.7409104
15.45694, -54.79075, 0.7409104
15.45942, -54.79075, 0.7409104
15.46179, -54.79075, 0.7409104
15.46474, -54.79075, 0.7409104
15.46774, -54.79075, 0.7409104
15.47068, -54.79075, 0.7409104
15.47364, -54.79075, 0.7409104
15.47591, -54.79075, 0.7409104
15.4787, -54.79075, 0.7409104
15.48143, -54.79075, 0.7409104
15.48433, -54.79075, 0.7409104
15.48667, -54.79075, 0.7409104
15.48914, -54.79075, 0.7409104
15.49194, -54.79075, 0.7409104
15.49477, -54.79075, 0.7409104
15.49754, -54.79075, 0.7409104
15.50042, -54.79075, 0.7409104
15.50284, -54.79075, 0.7409104
15.50523, -54.79075, 0.7409104
15.50804, -54.79075, 0.7409104
15.51079, -54.79075, 0.7409104
15.51361, -54.79075, 0.7409104
15.51654, -54.79075, 0.7409104
15.51906, -54.79075, 0.7409104
15.52173, -54.79075, 0.7409104
15.52464, -54.79075, 0.7409104
15.52711, -54.79075, 0.7409104
15.52933, -54.79075, 0.7409104
15.53171, -54.79075, 0.7409104
15.53423, -54.79075, 0.7409104
15.53671, -54.79075, 0.7409104
15.53913, -54.79075, 0.7409104
15.54181, -54.79075, 0.7409104
15.54489, -54.79075, 0.7409104
15.54754, -54.79075, 0.7409104
15.55064, -54.79075, 0.7409104
15.55297, -54.79075, 0.7409104
15.55531, -54.79075, 0.7409104
15.55773, -54.79075, 0.7409104
15.56002, -54.79075, 0.7409104
15.56238, -54.79075, 0.7409104
15.56471, -51.10715, 0.8734307
15.56782, -51.10715, 0.8734307
15.57078, -51.10715, 0.8734307
15.57313, -51.10715, 0.8734307
15.57532, -51.10715, 0.8734307
15.57764, -51.10715, 0.8734307
15.58012, -51.10715, 0.8734307
15.58262, -51.10715, 0.8734307
15.58557, -57.69963, 0.5112105
15.58841, -57.69963, 0.5112105
15.5908, -57.69963, 0.5112105
15.59389, -57.69963, 0.5112105
15.59595, -57.69963, 0.5112105
15.60257, -57.69963, 0.5112105
15.6048, -57.69963, 0.5112105
15.60723, -53.71238, 0.8769121
15.61021, -53.71238, 0.8769121
15.61304, -53.71238, 0.8769121
15.61571, -53.71238, 0.8769121
15.61813, -53.71238, 0.8769121
15.62116, -53.71238, 0.8769121
15.624, -53.71238, 0.8769121
15.62653, -53.71238, 0.8769121
15.62924, -52.34946, 0.9335134
15.63163, -52.34946, 0.9335134
15.63402, -52.34946, 0.9335134
15.63634, -52.34946, 0.9335134
15.63913, -52.34946, 0.9335134
15.6466, -52.34946, 0.9335134
15.65001, -55.67516, 0.782806
15.65732, -55.67516, 0.782806
15.66324, -55.67516, 0.782806
15.66507, -55.67516, 0.782806
15.67348, -55.67516, 0.782806
15.68189, -55.50788, 0.7328284
15.68941, -55.50788, 0.7328284
15.6957, -55.50788, 0.7328284
15.69752, -55.50788, 0.7328284
15.70093, -55.50788, 0.7328284
15.70796, -55.50788, 0.7328284
15.71426, -55.50788, 0.7328284
15.71755, -55.50788, 0.7328284
15.72461, -55.50788, 0.7328284
15.73076, -55.50788, 0.7328284
15.7327, -55.50788, 0.7328284
15.74073, -55.50788, 0.7328284
15.74661, -55.50788, 0.7328284
15.74853, -55.50788, 0.7328284
15.75606, -55.50788, 0.7328284
15.76312, -55.50788, 0.7328284
15.76523, -55.50788, 0.7328284
15.76796, -55.50788, 0.7328284
15.7745, -55.50788, 0.7328284
15.78322, -55.50788, 0.7328284
15.78965, -55.50788, 0.7328284
15.79145, -55.50788, 0.7328284
15.79894, -55.50788, 0.7328284
15.80623, -55.50788, 0.7328284
15.81269, -55.50788, 0.7328284
15.81445, -55.50788, 0.7328284
15.81766, -55.50788, 0.7328284
15.82469, -55.50788, 0.7328284
15.83039, -55.50788, 0.7328284
15.8325, -55.50788, 0.7328284
15.83906, -55.50788, 0.7328284
15.84264, -55.50788, 0.7328284
15.8453, -55.50788, 0.7328284
15.84818, -55.50788, 0.7328284
15.85105, -55.50788, 0.7328284
15.85368, -55.50788, 0.7328284
15.85623, -55.50788, 0.7328284
15.85903, -55.50788, 0.7328284
15.86177, -55.50788, 0.7328284
15.86454, -55.50788, 0.7328284
15.86762, -55.50788, 0.7328284
15.87039, -55.50788, 0.7328284
15.87298, -55.50788, 0.7328284
15.87573, -55.50788, 0.7328284
15.87856, -55.50788, 0.7328284
15.88154, -55.50788, 0.7328284
15.88424, -55.50788, 0.7328284
15.88665, -55.50788, 0.7328284
15.88923, -55.50788, 0.7328284
15.89192, -55.50788, 0.7328284
15.89477, -55.50788, 0.7328284
15.89712, -55.50788, 0.7328284
15.90017, -55.50788, 0.7328284
15.9024, -55.50788, 0.7328284
15.90523, -55.50788, 0.7328284
15.90813, -55.50788, 0.7328284
15.91107, -55.50788, 0.7328284
15.91372, -55.50788, 0.7328284
15.91664, -55.50788, 0.7328284
15.91914, -55.50788, 0.7328284
15.92223, -55.50788, 0.7328284
15.92453, -55.50788, 0.7328284
15.92713, -55.50788, 0.7328284
15.92973, -55.50788, 0.7328284
15.93272, -55.50788, 0.7328284
15.93553, -55.50788, 0.7328284
15.93815, -55.50788, 0.7328284
15.94082, -55.50788, 0.7328284
15.94323, -55.50788, 0.7328284
15.94612, -55.50788, 0.7328284
15.94895, -55.50788, 0.7328284
15.95172, -55.50788, 0.7328284
15.95471, -55.50788, 0.7328284
15.95721, -55.50788, 0.7328284
15.96005, -55.50788, 0.7328284
15.96232, -55.50788, 0.7328284
15.96474, -55.50788, 0.7328284
15.9676, -55.50788, 0.7328284
15.96997, -55.50788, 0.7328284
15.97235, -55.50788, 0.7328284
15.97472, -55.50788, 0.7328284
15.97711, -55.50788, 0.7328284
15.97952, -55.50788, 0.7328284
15.98203, -55.50788, 0.7328284
15.98453, -55.50788, 0.7328284
15.98681, -55.50788, 0.7328284
15.98922, -55.50788, 0.7328284
15.99213, -55.50788, 0.7328284
15.99482, -55.50788, 0.7328284
15.99713, -55.50788, 0.7328284
15.9996, -55.50788, 0.7328284
16.00234, -55.50788, 0.7328284
16.00533, -55.50788, 0.7328284
16.00813, -55.50788, 0.7328284
16.01065, -55.50788, 0.7328284
16.01322, -55.50788, 0.7328284
16.01624, -55.50788, 0.7328284
16.01877, -55.50788, 0.7328284
16.02143, -55.50788, 0.7328284
16.02434, -55.50788, 0.7328284
16.02742, -55.50788, 0.7328284
16.03024, -55.50788, 0.7328284
16.03406, -55.50788, 0.7328284
16.03711, -55.50788, 0.7328284
16.03969, -55.50788, 0.7328284
16.04267, -55.50788, 0.7328284
16.04554, -55.50788, 0.7328284
16.04846, -55.50788, 0.7328284
16.05167, -55.50788, 0.7328284
16.06074, -55.50788, 0.7328284
16.06316, -55.50788, 0.7328284
16.06624, -55.50788, 0.7328284
16.06924, -55.50788, 0.7328284
16.07235, -55.50788, 0.7328284
16.07515, -55.50788, 0.7328284
16.0782, -55.50788, 0.7328284
16.08092, -55.50788, 0.7328284
16.08414, -55.50788, 0.7328284
16.08717, -55.50788, 0.7328284
16.08987, -55.50788, 0.7328284
16.09275, -55.50788, 0.7328284
16.09575, -55.50788, 0.7328284
16.09954, -55.50788, 0.7328284
16.10247, -55.50788, 0.7328284
16.10543, -55.50788, 0.7328284
16.10835, -55.50788, 0.7328284
16.11143, -55.50788, 0.7328284
16.11446, -55.50788, 0.7328284
16.11755, -55.50788, 0.7328284
16.12042, -55.50788, 0.7328284
16.12305, -55.50788, 0.7328284
16.12594, -55.50788, 0.7328284
16.12887, -55.50788, 0.7328284
16.13221, -55.50788, 0.7328284
16.14068, -55.50788, 0.7328284
16.14405, -55.50788, 0.7328284
16.14703, -55.50788, 0.7328284
16.15039, -55.50788, 0.7328284
16.15839, -55.50788, 0.7328284
16.16711, -55.50788, 0.7328284
16.17427, -55.50788, 0.7328284
16.18055, -55.50788, 0.7328284
16.18358, -55.50788, 0.7328284
16.18666, -55.50788, 0.7328284
16.19414, -55.50788, 0.7328284
16.20021, -55.50788, 0.7328284
16.20699, -55.50788, 0.7328284
16.21304, -55.50788, 0.7328284
16.21523, -55.50788, 0.7328284
16.22265, -55.50788, 0.7328284
16.23098, -55.50788, 0.7328284
16.23312, -55.50788, 0.7328284
16.241, -55.50788, 0.7328284
16.24723, -55.50788, 0.7328284
16.25004, -55.50788, 0.7328284
16.25744, -55.50788, 0.7328284
16.26346, -55.50788, 0.7328284
16.26541, -55.50788, 0.7328284
16.27246, -55.50788, 0.7328284
16.27854, -55.50788, 0.7328284
16.28021, -55.50788, 0.7328284
16.28358, -55.50788, 0.7328284
16.29123, -55.50788, 0.7328284
16.29922, -55.50788, 0.7328284
16.30486, -55.50788, 0.7328284
16.30682, -55.50788, 0.7328284
16.31403, -55.50788, 0.7328284
16.31693, -55.50788, 0.7328284
16.3241, -55.50788, 0.7328284
16.32984, -55.50788, 0.7328284
16.33274, -55.50788, 0.7328284
16.34006, -55.50788, 0.7328284
16.3458, -55.50788, 0.7328284
16.34764, -55.50788, 0.7328284
16.35093, -55.50788, 0.7328284
16.35828, -55.50788, 0.7328284
16.36518, -55.50788, 0.7328284
16.37134, -55.50788, 0.7328284
16.37668, -55.50788, 0.7328284
16.37948, -55.50788, 0.7328284
16.38214, -55.50788, 0.7328284
16.38454, -55.50788, 0.7328284
16.38779, -55.50788, 0.7328284
16.3904, -55.50788, 0.7328284
16.39332, -55.50788, 0.7328284
16.39605, -55.50788, 0.7328284
16.39843, -55.50788, 0.7328284
16.40094, -55.50788, 0.7328284
16.40372, -55.50788, 0.7328284
16.40622, -55.50788, 0.7328284
16.40904, -55.50788, 0.7328284
16.41145, -55.50788, 0.7328284
16.41416, -55.50788, 0.7328284
16.41701, -55.50788, 0.7328284
16.41953, -55.50788, 0.7328284
16.42183, -55.50788, 0.7328284
16.42464, -55.50788, 0.7328284
16.4271, -55.50788, 0.7328284
16.42965, -55.50788, 0.7328284
16.43231, -55.50788, 0.7328284
16.43481, -55.50788, 0.7328284
16.43781, -55.50788, 0.7328284
16.44015, -55.50788, 0.7328284
16.44252, -55.50788, 0.7328284
16.44476, -55.50788, 0.7328284
16.44741, -55.50788, 0.7328284
16.45003, -55.50788, 0.7328284
16.45253, -55.50788, 0.7328284
16.45533, -55.50788, 0.7328284
16.45801, -55.50788, 0.7328284
16.46085, -55.50788, 0.7328284
16.46366, -55.50788, 0.7328284
16.46663, -55.50788, 0.7328284
16.46952, -55.50788, 0.7328284
16.47213, -55.50788, 0.7328284
16.47483, -55.50788, 0.7328284
16.47722, -55.50788, 0.7328284
16.47963, -55.50788, 0.7328284
16.48243, -55.50788, 0.7328284
16.48482, -55.50788, 0.7328284
16.48759, -55.50788, 0.7328284
16.49011, -55.50788, 0.7328284
16.49293, -55.50788, 0.7328284
16.49533, -55.50788, 0.7328284
16.49784, -55.50788, 0.7328284
16.50091, -55.50788, 0.7328284
16.50342, -55.50788, 0.7328284
16.50571, -55.50788, 0.7328284
16.50813, -55.50788, 0.7328284
16.51101, -55.50788, 0.7328284
16.51352, -55.50788, 0.7328284
16.51641, -55.50788, 0.7328284
16.51894, -55.50788, 0.7328284
16.52162, -55.50788, 0.7328284
16.52392, -55.50788, 0.7328284
16.52719, -55.50788, 0.7328284
16.52975, -55.50788, 0.7328284
16.53243, -55.50788, 0.7328284
16.53501, -55.50788, 0.7328284
16.53753, -55.50788, 0.7328284
16.54005, -55.50788, 0.7328284
16.54283, -55.50788, 0.7328284
16.55004, -55.50788, 0.7328284
16.55165, -55.50788, 0.7328284
16.55446, -55.50788, 0.7328284
16.55682, -55.50788, 0.7328284
16.55973, -55.50788, 0.7328284
16.56224, -55.50788, 0.7328284
16.56491, -55.50788, 0.7328284
16.56793, -55.50788, 0.7328284
16.57106, -55.50788, 0.7328284
16.57395, -55.50788, 0.7328284
16.57632, -55.50788, 0.7328284
16.57881, -55.50788, 0.7328284
16.58165, -55.50788, 0.7328284
16.58414, -55.50788, 0.7328284
16.58705, -55.50788, 0.7328284
16.58953, -55.50788, 0.7328284
16.59222, -55.50788, 0.7328284
16.59522, -55.50788, 0.7328284
16.59743, -55.50788, 0.7328284
16.60043, -55.50788, 0.7328284
16.60339, -55.50788, 0.7328284
16.60614, -55.50788, 0.7328284
16.60895, -55.50788, 0.7328284
16.61213, -55.50788, 0.7328284
16.61483, -55.50788, 0.7328284
16.61784, -55.50788, 0.7328284
16.62099, -55.50788, 0.7328284
16.62333, -55.50788, 0.7328284
16.62573, -55.50788, 0.7328284
16.62815, -55.50788, 0.7328284
16.63054, -55.50788, 0.7328284
16.63307, -55.50788, 0.7328284
16.63593, -55.50788, 0.7328284
16.63892, -55.50788, 0.7328284
16.64192, -55.50788, 0.7328284
16.64463, -55.50788, 0.7328284
16.64753, -55.50788, 0.7328284
16.65002, -55.50788, 0.7328284
16.65274, -55.50788, 0.7328284
16.65563, -55.50788, 0.7328284
16.65842, -55.50788, 0.7328284
16.66075, -55.50788, 0.7328284
16.66314, -55.50788, 0.7328284
16.66639, -55.50788, 0.7328284
16.67428, -55.50788, 0.7328284
16.68303, -55.50788, 0.7328284
16.68999, -55.50788, 0.7328284
16.69178, -55.50788, 0.7328284
16.69466, -55.50788, 0.7328284
16.69764, -55.50788, 0.7328284
16.70111, -55.50788, 0.7328284
16.70774, -55.50788, 0.7328284
16.70957, -55.50788, 0.7328284
16.71236, -55.50788, 0.7328284
16.71548, -55.50788, 0.7328284
16.72387, -55.50788, 0.7328284
16.7301, -55.50788, 0.7328284
16.73211, -55.50788, 0.7328284
16.73989, -55.50788, 0.7328284
16.74604, -55.50788, 0.7328284
16.74773, -55.50788, 0.7328284
16.75108, -55.50788, 0.7328284
16.75899, -55.50788, 0.7328284
16.767, -55.50788, 0.7328284
16.77413, -55.50788, 0.7328284
16.78009, -55.50788, 0.7328284
16.78345, -55.50788, 0.7328284
16.79101, -55.50788, 0.7328284
16.79274, -55.50788, 0.7328284
16.79555, -55.50788, 0.7328284
16.79867, -55.50788, 0.7328284
16.80701, -55.50788, 0.7328284
16.80886, -55.50788, 0.7328284
16.81183, -55.50788, 0.7328284
16.81475, -55.50788, 0.7328284
16.81805, -55.50788, 0.7328284
16.8258, -55.50788, 0.7328284
16.82885, -55.50788, 0.7328284
16.832, -55.50788, 0.7328284
16.83433, -55.50788, 0.7328284
16.83772, -55.50788, 0.7328284
16.84055, -55.50788, 0.7328284
16.84354, -55.50788, 0.7328284
16.84694, -55.50788, 0.7328284
16.84994, -55.50788, 0.7328284
16.8528, -55.50788, 0.7328284
16.85595, -55.50788, 0.7328284
16.85876, -55.50788, 0.7328284
16.86152, -55.50788, 0.7328284
16.86423, -55.50788, 0.7328284
16.86744, -55.50788, 0.7328284
16.87514, -55.50788, 0.7328284
16.8819, -55.50788, 0.7328284
16.88911, -55.50788, 0.7328284
16.89614, -55.50788, 0.7328284
16.89786, -55.50788, 0.7328284
16.90095, -55.50788, 0.7328284
16.90396, -55.50788, 0.7328284
16.91117, -55.50788, 0.7328284
16.92221, -55.50788, 0.7328284
16.92854, -55.50788, 0.7328284
16.93117, -55.50788, 0.7328284
16.93437, -55.50788, 0.7328284
16.94119, -55.50788, 0.7328284
16.94697, -55.50788, 0.7328284
16.94892, -55.50788, 0.7328284
16.9559, -55.50788, 0.7328284
16.96202, -55.50788, 0.7328284
16.96374, -55.50788, 0.7328284
16.96696, -55.50788, 0.7328284
16.97403, -55.50788, 0.7328284
16.97745, -55.50788, 0.7328284
16.98033, -55.50788, 0.7328284
16.98331, -55.50788, 0.7328284
16.98616, -55.50788, 0.7328284
16.98877, -55.50788, 0.7328284
16.99162, -55.50788, 0.7328284
16.99454, -55.50788, 0.7328284
16.99734, -55.50788, 0.7328284
17.00042, -55.50788, 0.7328284
17.00326, -55.50788, 0.7328284
17.00573, -55.50788, 0.7328284
17.00814, -55.50788, 0.7328284
17.01052, -55.50788, 0.7328284
17.01331, -55.50788, 0.7328284
17.01613, -55.50788, 0.7328284
17.0189, -55.50788, 0.7328284
17.02205, -55.50788, 0.7328284
17.02482, -55.50788, 0.7328284
17.02763, -55.50788, 0.7328284
17.03025, -55.50788, 0.7328284
17.03313, -55.50788, 0.7328284
17.03598, -55.50788, 0.7328284
17.03894, -55.50788, 0.7328284
17.04408, -55.50788, 0.7328284
17.0467, -55.50788, 0.7328284
17.04963, -55.50788, 0.7328284
17.05215, -55.50788, 0.7328284
17.05485, -55.50788, 0.7328284
17.05763, -55.50788, 0.7328284
17.06049, -55.50788, 0.7328284
17.06342, -55.50788, 0.7328284
17.06627, -55.50788, 0.7328284
17.06914, -55.50788, 0.7328284
17.07225, -55.50788, 0.7328284
17.07493, -55.50788, 0.7328284
17.07745, -55.50788, 0.7328284
17.08033, -55.50788, 0.7328284
17.08321, -55.50788, 0.7328284
17.08591, -55.50788, 0.7328284
17.08904, -55.50788, 0.7328284
17.09171, -55.50788, 0.7328284
17.09445, -55.50788, 0.7328284
17.09704, -55.50788, 0.7328284
17.09996, -55.50788, 0.7328284
17.10265, -55.50788, 0.7328284
17.10563, -55.50788, 0.7328284
17.10802, -55.50788, 0.7328284
17.11082, -55.50788, 0.7328284
17.11363, -55.50788, 0.7328284
17.11612, -55.50788, 0.7328284
17.11877, -55.50788, 0.7328284
17.12113, -55.50788, 0.7328284
17.12341, -55.50788, 0.7328284
17.12613, -55.50788, 0.7328284
17.12855, -55.50788, 0.7328284
17.13154, -55.50788, 0.7328284
17.13452, -55.50788, 0.7328284
17.13746, -55.50788, 0.7328284
17.13995, -55.50788, 0.7328284
17.14285, -55.50788, 0.7328284
17.14544, -55.50788, 0.7328284
17.14783, -55.50788, 0.7328284
17.15092, -55.50788, 0.7328284
17.15398, -55.50788, 0.7328284
17.15642, -55.50788, 0.7328284
17.15934, -55.50788, 0.7328284
17.16212, -55.50788, 0.7328284
17.16543, -55.50788, 0.7328284
17.16802, -55.50788, 0.7328284
17.17107, -55.50788, 0.7328284
17.17333, -55.50788, 0.7328284
17.17575, -55.50788, 0.7328284
17.17811, -55.50788, 0.7328284
17.1804, -55.50788, 0.7328284
17.18342, -55.50788, 0.7328284
17.18584, -55.50788, 0.7328284
17.18896, -55.50788, 0.7328284
17.19163, -55.50788, 0.7328284
17.19461, -55.50788, 0.7328284
17.19758, -55.50788, 0.7328284
17.20034, -55.50788, 0.7328284
17.20292, -55.50788, 0.7328284
17.20532, -55.50788, 0.7328284
17.20823, -55.50788, 0.7328284
17.21102, -55.50788, 0.7328284
17.21383, -55.50788, 0.7328284
17.21633, -55.50788, 0.7328284
17.2188, -55.50788, 0.7328284
17.22153, -55.50788, 0.7328284
17.22371, -55.50788, 0.7328284
17.22611, -55.50788, 0.7328284
17.22885, -55.50788, 0.7328284
17.23152, -55.50788, 0.7328284
17.23401, -55.50788, 0.7328284
17.2364, -55.50788, 0.7328284
17.23875, -55.50788, 0.7328284
17.24113, -55.50788, 0.7328284
17.24331, -55.50788, 0.7328284
17.24583, -55.50788, 0.7328284
17.24852, -55.50788, 0.7328284
17.25101, -55.50788, 0.7328284
17.25415, -55.50788, 0.7328284
17.25663, -55.50788, 0.7328284
17.25921, -55.50788, 0.7328284
17.262, -55.50788, 0.7328284
17.26442, -55.50788, 0.7328284
17.26742, -55.50788, 0.7328284
17.27022, -55.50788, 0.7328284
17.27252, -55.50788, 0.7328284
17.27493, -55.50788, 0.7328284
17.27746, -55.50788, 0.7328284
17.28022, -55.50788, 0.7328284
17.28321, -55.50788, 0.7328284
17.28563, -55.50788, 0.7328284
17.28849, -55.50788, 0.7328284
17.29074, -55.50788, 0.7328284
17.29406, -55.50788, 0.7328284
17.29624, -55.50788, 0.7328284
17.29903, -55.50788, 0.7328284
17.30224, -55.50788, 0.7328284
17.30485, -55.50788, 0.7328284
17.30753, -55.50788, 0.7328284
17.31009, -55.50788, 0.7328284
17.31247, -55.50788, 0.7328284
17.31482, -55.50788, 0.7328284
17.31794, -55.50788, 0.7328284
17.32096, -55.50788, 0.7328284
17.32393, -55.50788, 0.7328284
17.32723, -55.50788, 0.7328284
17.32953, -55.50788, 0.7328284
17.33257, -55.50788, 0.7328284
17.33501, -55.50788, 0.7328284
17.33761, -55.50788, 0.7328284
17.34032, -55.50788, 0.7328284
17.34277, -55.50788, 0.7328284
17.34552, -55.50788, 0.7328284
17.34843, -55.50788, 0.7328284
17.35082, -55.50788, 0.7328284
17.35357, -55.50788, 0.7328284
17.35621, -55.50788, 0.7328284
17.35907, -55.50788, 0.7328284
17.36132, -55.50788, 0.7328284
17.36362, -55.50788, 0.7328284
17.36622, -55.50788, 0.7328284
17.36881, -55.50788, 0.7328284
17.37133, -55.50788, 0.7328284
17.37381, -55.50788, 0.7328284
17.3762, -55.50788, 0.7328284
17.37848, -55.50788, 0.7328284
17.38082, -55.50788, 0.7328284
17.3839, -55.50788, 0.7328284
17.38612, -55.50788, 0.7328284
17.38889, -55.50788, 0.7328284
17.39143, -55.50788, 0.7328284
17.39462, -55.50788, 0.7328284
17.39713, -55.50788, 0.7328284
17.40005, -55.50788, 0.7328284
17.40279, -55.50788, 0.7328284
17.40524, -55.50788, 0.7328284
17.40801, -55.50788, 0.7328284
17.41077, -55.50788, 0.7328284
17.41341, -55.50788, 0.7328284
17.41671, -55.50788, 0.7328284
17.41906, -55.50788, 0.7328284
17.42201, -55.50788, 0.7328284
17.42498, -55.50788, 0.7328284
17.42742, -55.50788, 0.7328284
17.43022, -55.50788, 0.7328284
17.43323, -55.50788, 0.7328284
17.43557, -55.50788, 0.7328284
17.43824, -55.50788, 0.7328284
17.44081, -55.50788, 0.7328284
17.44721, -55.50788, 0.7328284
17.45006, -55.50788, 0.7328284
17.45262, -55.50788, 0.7328284
17.45562, -55.50788, 0.7328284
17.45866, -55.50788, 0.7328284
17.46138, -55.50788, 0.7328284
17.46445, -55.50788, 0.7328284
17.46739, -55.50788, 0.7328284
17.47006, -55.50788, 0.7328284
17.47252, -55.50788, 0.7328284
17.47537, -55.50788, 0.7328284
17.47767, -55.50788, 0.7328284
17.48012, -55.50788, 0.7328284
17.48246, -55.50788, 0.7328284
17.48463, -55.50788, 0.7328284
17.4874, -55.50788, 0.7328284
17.49041, -55.50788, 0.7328284
17.49317, -55.50788, 0.7328284
17.49604, -55.50788, 0.7328284
17.49895, -55.50788, 0.7328284
17.5013, -55.50788, 0.7328284
17.50432, -55.50788, 0.7328284
17.50715, -55.50788, 0.7328284
17.50991, -55.50788, 0.7328284
17.5128, -55.50788, 0.7328284
17.51536, -55.50788, 0.7328284
17.51774, -55.50788, 0.7328284
17.52069, -55.50788, 0.7328284
17.52302, -55.50788, 0.7328284
17.52542, -55.50788, 0.7328284
17.52771, -55.50788, 0.7328284
17.53013, -55.50788, 0.7328284
17.5325, -55.50788, 0.7328284
17.53483, -55.50788, 0.7328284
17.53793, -55.50788, 0.7328284
17.54043, -55.50788, 0.7328284
17.5431, -55.50788, 0.7328284
17.54553, -55.50788, 0.7328284
17.54821, -55.50788, 0.7328284
17.55113, -55.50788, 0.7328284
17.55358, -55.50788, 0.7328284
17.55591, -55.50788, 0.7328284
17.55843, -55.50788, 0.7328284
17.56076, -55.50788, 0.7328284
17.56325, -55.50788, 0.7328284
17.56649, -55.50788, 0.7328284
17.569, -55.50788, 0.7328284
17.57213, -55.50788, 0.7328284
17.57485, -55.50788, 0.7328284
17.57721, -55.50788, 0.7328284
17.57963, -55.50788, 0.7328284
17.58204, -55.50788, 0.7328284
17.58431, -55.50788, 0.7328284
17.58743, -55.50788, 0.7328284
17.59013, -55.50788, 0.7328284
17.6247, -55.50788, 0.7328284
17.63595, -55.50788, 0.7328284
17.63926, -55.50788, 0.7328284
17.64263, -55.50788, 0.7328284
17.64538, -55.50788, 0.7328284
17.64827, -55.50788, 0.7328284
17.65116, -55.50788, 0.7328284
17.65372, -55.50788, 0.7328284
17.65736, -55.50788, 0.7328284
17.66027, -55.50788, 0.7328284
17.66296, -55.50788, 0.7328284
17.66596, -55.50788, 0.7328284
17.66875, -55.50788, 0.7328284
17.672, -55.50788, 0.7328284
17.67493, -55.50788, 0.7328284
17.67776, -55.50788, 0.7328284
17.68054, -55.50788, 0.7328284
17.68358, -55.50788, 0.7328284
17.68639, -55.50788, 0.7328284
17.68888, -55.50788, 0.7328284
17.69151, -55.50788, 0.7328284
17.69446, -55.50788, 0.7328284
17.69714, -55.50788, 0.7328284
17.70013, -55.50788, 0.7328284
17.70287, -55.50788, 0.7328284
17.70556, -55.50788, 0.7328284
17.73149, -55.50788, 0.7328284
17.73572, -55.50788, 0.7328284
17.73833, -55.50788, 0.7328284
17.74101, -55.50788, 0.7328284
17.74381, -55.50788, 0.7328284
17.74651, -55.50788, 0.7328284
17.74913, -55.50788, 0.7328284
17.75223, -55.50788, 0.7328284
17.75444, -55.50788, 0.7328284
17.75733, -55.50788, 0.7328284
17.76022, -55.50788, 0.7328284
17.76272, -55.50788, 0.7328284
17.76554, -55.50788, 0.7328284
17.76802, -55.50788, 0.7328284
17.77071, -55.50788, 0.7328284
17.77342, -55.50788, 0.7328284
17.77624, -55.50788, 0.7328284
17.77852, -55.50788, 0.7328284
17.78105, -55.50788, 0.7328284
17.78414, -55.50788, 0.7328284
17.78682, -55.50788, 0.7328284
17.78914, -55.50788, 0.7328284
17.79192, -55.50788, 0.7328284
17.79441, -55.50788, 0.7328284
17.79735, -55.50788, 0.7328284
17.80025, -55.50788, 0.7328284
17.80278, -55.50788, 0.7328284
17.80564, -55.50788, 0.7328284
17.80834, -55.50788, 0.7328284
17.81116, -55.50788, 0.7328284
17.81352, -55.50788, 0.7328284
17.81642, -55.50788, 0.7328284
17.81909, -55.50788, 0.7328284
17.82172, -55.50788, 0.7328284
17.82463, -55.50788, 0.7328284
17.82725, -55.50788, 0.7328284
17.83012, -55.50788, 0.7328284
17.83302, -55.50788, 0.7328284
17.83572, -55.50788, 0.7328284
17.83843, -55.50788, 0.7328284
17.84133, -55.50788, 0.7328284
17.84407, -55.50788, 0.7328284
17.84633, -55.50788, 0.7328284
17.84914, -55.50788, 0.7328284
17.85176, -55.50788, 0.7328284
17.8541, -55.50788, 0.7328284
17.85652, -55.50788, 0.7328284
17.85933, -55.50788, 0.7328284
17.86209, -55.50788, 0.7328284
17.86443, -55.50788, 0.7328284
17.86702, -55.50788, 0.7328284
17.86985, -55.50788, 0.7328284
17.87223, -55.50788, 0.7328284
17.87512, -55.50788, 0.7328284
17.87748, -55.50788, 0.7328284
17.87992, -55.50788, 0.7328284
17.88283, -55.50788, 0.7328284
17.88535, -55.50788, 0.7328284
17.88791, -55.50788, 0.7328284
17.89082, -55.50788, 0.7328284
17.89384, -55.50788, 0.7328284
17.89591, -55.50788, 0.7328284
17.8987, -55.50788, 0.7328284
17.90145, -55.50788, 0.7328284
17.90432, -55.50788, 0.7328284
17.90683, -55.50788, 0.7328284
17.90951, -55.50788, 0.7328284
17.91645, -55.50788, 0.7328284
17.91804, -55.50788, 0.7328284
17.92116, -55.50788, 0.7328284
17.92406, -55.50788, 0.7328284
17.92674, -55.50788, 0.7328284
17.92957, -55.50788, 0.7328284
17.93202, -55.50788, 0.7328284
17.93443, -55.50788, 0.7328284
17.93761, -55.50788, 0.7328284
17.94066, -55.50788, 0.7328284
17.94385, -55.50788, 0.7328284
17.94633, -55.50788, 0.7328284
17.94923, -55.50788, 0.7328284
17.95216, -55.50788, 0.7328284
17.95481, -55.50788, 0.7328284
17.95753, -55.50788, 0.7328284
17.95993, -55.50788, 0.7328284
17.9628, -55.50788, 0.7328284
17.96523, -55.50788, 0.7328284
17.96752, -55.50788, 0.7328284
17.96999, -55.50788, 0.7328284
17.97243, -55.50788, 0.7328284
17.97513, -55.50788, 0.7328284
17.97786, -55.50788, 0.7328284
17.98044, -55.50788, 0.7328284
17.98322, -55.50788, 0.7328284
17.98599, -55.50788, 0.7328284
17.98876, -55.50788, 0.7328284
17.99152, -55.50788, 0.7328284
17.99432, -55.50788, 0.7328284
17.99715, -55.50788, 0.7328284
18.00002, -55.50788, 0.7328284
18.00295, -55.50788, 0.7328284
18.00542, -55.50788, 0.7328284
18.00813, -55.50788, 0.7328284
18.01097, -55.50788, 0.7328284
18.01373, -55.50788, 0.7328284
18.01661, -55.50788, 0.7328284
18.01932, -55.50788, 0.7328284
18.02293, -55.50788, 0.7328284
18.03116, -55.50788, 0.7328284
18.03312, -55.50788, 0.7328284
18.0411, -55.50788, 0.7328284
18.0477, -55.50788, 0.7328284
18.04989, -55.50788, 0.7328284
18.05799, -55.50788, 0.7328284
18.06632, -55.50788, 0.7328284
18.07332, -55.50788, 0.7328284
18.07911, -55.50788, 0.7328284
18.0825, -55.50788, 0.7328284
18.08992, -55.50788, 0.7328284
18.09644, -55.50788, 0.7328284
18.09831, -55.50788, 0.7328284
18.10574, -55.50788, 0.7328284
18.11414, -55.50788, 0.7328284
18.11632, -55.50788, 0.7328284
18.12421, -55.50788, 0.7328284
18.13223, -55.50788, 0.7328284
18.13853, -55.50788, 0.7328284
18.14394, -55.50788, 0.7328284
18.14692, -55.50788, 0.7328284
18.15028, -55.50788, 0.7328284
18.15693, -55.50788, 0.7328284
18.16265, -55.50788, 0.7328284
18.16436, -55.50788, 0.7328284
18.16774, -55.50788, 0.7328284
18.17378, -55.50788, 0.7328284
18.17542, -55.50788, 0.7328284
18.17835, -55.50788, 0.7328284
18.18101, -55.50788, 0.7328284
18.18454, -55.50788, 0.7328284
18.19247, -55.50788, 0.7328284
18.19527, -55.50788, 0.7328284
18.19791, -55.50788, 0.7328284
18.20114, -55.50788, 0.7328284
18.20416, -55.50788, 0.7328284
18.20713, -55.50788, 0.7328284
18.20982, -55.50788, 0.7328284
18.21251, -55.50788, 0.7328284
18.21544, -55.50788, 0.7328284
18.21794, -55.50788, 0.7328284
18.22021, -55.50788, 0.7328284
18.22263, -55.50788, 0.7328284
18.22533, -55.50788, 0.7328284
18.22805, -55.50788, 0.7328284
18.23074, -55.50788, 0.7328284
18.23372, -55.50788, 0.7328284
18.23607, -55.50788, 0.7328284
18.23884, -55.50788, 0.7328284
18.2415, -55.50788, 0.7328284
18.2441, -55.50788, 0.7328284
18.24671, -55.50788, 0.7328284
18.24923, -55.50788, 0.7328284
18.25213, -55.50788, 0.7328284
18.25461, -55.50788, 0.7328284
18.25713, -55.50788, 0.7328284
18.25953, -55.50788, 0.7328284
18.26227, -55.50788, 0.7328284
18.26462, -55.50788, 0.7328284
18.26734, -55.50788, 0.7328284
18.27032, -55.50788, 0.7328284
18.27262, -55.50788, 0.7328284
18.27523, -55.50788, 0.7328284
18.27772, -55.50788, 0.7328284
18.28044, -55.50788, 0.7328284
18.28291, -55.50788, 0.7328284
18.28556, -55.50788, 0.7328284
18.28834, -55.50788, 0.7328284
18.29114, -55.50788, 0.7328284
18.29395, -55.50788, 0.7328284
18.29673, -55.50788, 0.7328284
18.29984, -55.50788, 0.7328284
18.30265, -55.50788, 0.7328284
18.30573, -55.50788, 0.7328284
18.30843, -55.50788, 0.7328284
18.31069, -55.50788, 0.7328284
18.31314, -55.50788, 0.7328284
18.31619, -55.50788, 0.7328284
18.31911, -55.50788, 0.7328284
18.32172, -55.50788, 0.7328284
18.32451, -55.50788, 0.7328284
18.3271, -55.50788, 0.7328284
18.32929, -55.50788, 0.7328284
18.33171, -55.50788, 0.7328284
18.33411, -55.50788, 0.7328284
18.33669, -55.50788, 0.7328284
18.33912, -55.50788, 0.7328284
18.34171, -55.50788, 0.7328284
18.34398, -55.50788, 0.7328284
18.34651, -55.50788, 0.7328284
18.34943, -55.50788, 0.7328284
18.35172, -55.50788, 0.7328284
18.35412, -55.50788, 0.7328284
18.35642, -55.50788, 0.7328284
18.35913, -55.50788, 0.7328284
18.36192, -55.50788, 0.7328284
18.36704, -55.50788, 0.7328284
18.36983, -55.50788, 0.7328284
18.37233, -55.50788, 0.7328284
18.3745, -55.50788, 0.7328284
18.37704, -55.50788, 0.7328284
18.37921, -55.50788, 0.7328284
18.38211, -55.50788, 0.7328284
18.38453, -55.50788, 0.7328284
18.38743, -55.50788, 0.7328284
18.38982, -55.50788, 0.7328284
18.39232, -55.50788, 0.7328284
18.39513, -55.50788, 0.7328284
18.39782, -55.50788, 0.7328284
18.40031, -55.50788, 0.7328284
18.40277, -55.50788, 0.7328284
18.40563, -55.50788, 0.7328284
18.40851, -55.50788, 0.7328284
18.41082, -55.50788, 0.7328284
18.41321, -55.50788, 0.7328284
18.41623, -55.50788, 0.7328284
18.41884, -55.50788, 0.7328284
18.42163, -55.50788, 0.7328284
18.42461, -55.50788, 0.7328284
18.42743, -55.50788, 0.7328284
18.43023, -55.50788, 0.7328284
18.43302, -55.50788, 0.7328284
18.43553, -55.50788, 0.7328284
18.43825, -55.50788, 0.7328284
18.4409, -55.50788, 0.7328284
18.44332, -55.50788, 0.7328284
18.44603, -55.50788, 0.7328284
18.44846, -55.50788, 0.7328284
18.45102, -55.50788, 0.7328284
18.45372, -55.50788, 0.7328284
18.45613, -55.50788, 0.7328284
18.45893, -55.50788, 0.7328284
18.46138, -55.50788, 0.7328284
18.46423, -55.50788, 0.7328284
18.46662, -55.50788, 0.7328284
18.46893, -55.50788, 0.7328284
18.47204, -55.50788, 0.7328284
18.47483, -55.50788, 0.7328284
18.47754, -55.50788, 0.7328284
18.48043, -55.50788, 0.7328284
18.48292, -55.50788, 0.7328284
18.48543, -55.50788, 0.7328284
18.48823, -55.50788, 0.7328284
18.49104, -55.50788, 0.7328284
18.4939, -55.50788, 0.7328284
18.49593, -55.50788, 0.7328284
18.49862, -55.50788, 0.7328284
18.50101, -55.50788, 0.7328284
18.50362, -55.50788, 0.7328284
18.50592, -55.50788, 0.7328284
18.50832, -55.50788, 0.7328284
18.51112, -55.50788, 0.7328284
18.51393, -55.50788, 0.7328284
18.51681, -55.50788, 0.7328284
18.51919, -55.50788, 0.7328284
18.52182, -55.50788, 0.7328284
18.52414, -55.50788, 0.7328284
18.52642, -55.50788, 0.7328284
18.52918, -55.50788, 0.7328284
18.53182, -55.50788, 0.7328284
18.53446, -55.50788, 0.7328284
18.53735, -55.50788, 0.7328284
18.53952, -55.50788, 0.7328284
18.54242, -55.50788, 0.7328284
18.54522, -55.50788, 0.7328284
18.54801, -55.50788, 0.7328284
18.55041, -55.50788, 0.7328284
18.5529, -55.50788, 0.7328284
18.55543, -55.50788, 0.7328284
18.55812, -55.50788, 0.7328284
18.56103, -55.50788, 0.7328284
18.56383, -55.50788, 0.7328284
18.56674, -55.50788, 0.7328284
18.56961, -55.50788, 0.7328284
18.57221, -55.50788, 0.7328284
18.57502, -55.50788, 0.7328284
18.57784, -55.50788, 0.7328284
18.5802, -55.50788, 0.7328284
18.58342, -55.50788, 0.7328284
18.59128, -55.50788, 0.7328284
18.59918, -55.50788, 0.7328284
18.60613, -55.50788, 0.7328284
18.61223, -55.50788, 0.7328284
18.61573, -55.50788, 0.7328284
18.62294, -55.50788, 0.7328284
18.62836, -55.50788, 0.7328284
18.63002, -55.50788, 0.7328284
18.63327, -55.50788, 0.7328284
18.63965, -55.50788, 0.7328284
18.64531, -55.50788, 0.7328284
18.64693, -55.50788, 0.7328284
18.65021, -55.50788, 0.7328284
18.65703, -55.50788, 0.7328284
18.66352, -55.50788, 0.7328284
18.66537, -55.50788, 0.7328284
18.67223, -55.50788, 0.7328284
18.67846, -55.50788, 0.7328284
18.68215, -55.50788, 0.7328284
18.68506, -55.50788, 0.7328284
18.69324, -55.50788, 0.7328284
18.69962, -55.50788, 0.7328284
18.70733, -55.50788, 0.7328284
18.70914, -55.50788, 0.7328284
18.71219, -55.50788, 0.7328284
18.71485, -55.50788, 0.7328284
18.71794, -55.50788, 0.7328284
18.72137, -55.50788, 0.7328284
18.72496, -55.50788, 0.7328284
18.72779, -55.50788, 0.7328284
18.73073, -55.50788, 0.7328284
18.73375, -55.50788, 0.7328284
18.73677, -55.50788, 0.7328284
18.73932, -55.50788, 0.7328284
18.74216, -55.50788, 0.7328284
18.74512, -55.50788, 0.7328284
18.74794, -55.50788, 0.7328284
18.75093, -55.50788, 0.7328284
18.75373, -55.50788, 0.7328284
18.75623, -55.50788, 0.7328284
18.75925, -55.50788, 0.7328284
18.7621, -55.50788, 0.7328284
18.76503, -55.50788, 0.7328284
18.76783, -55.50788, 0.7328284
18.77085, -55.50788, 0.7328284
18.77364, -55.50788, 0.7328284
18.77654, -55.50788, 0.7328284
18.7793, -55.50788, 0.7328284
18.78226, -55.50788, 0.7328284
18.78593, -55.50788, 0.7328284
18.78897, -55.50788, 0.7328284
18.79185, -55.50788, 0.7328284
18.79491, -55.50788, 0.7328284
18.79786, -55.50788, 0.7328284
18.80104, -55.50788, 0.7328284
18.80402, -55.50788, 0.7328284
18.80698, -55.50788, 0.7328284
18.81408, -55.50788, 0.7328284
18.81598, -55.50788, 0.7328284
18.81845, -55.50788, 0.7328284
18.8215, -55.50788, 0.7328284
18.82421, -55.50788, 0.7328284
18.82717, -55.50788, 0.7328284
18.82996, -55.50788, 0.7328284
18.83286, -55.50788, 0.7328284
18.83611, -55.50788, 0.7328284
18.83913, -55.50788, 0.7328284
18.84204, -55.50788, 0.7328284
18.84484, -55.50788, 0.7328284
18.84773, -55.50788, 0.7328284
18.85065, -55.50788, 0.7328284
18.85364, -55.50788, 0.7328284
18.85624, -55.50788, 0.7328284
18.85914, -55.50788, 0.7328284
18.86197, -55.50788, 0.7328284
18.86487, -55.50788, 0.7328284
18.86785, -55.50788, 0.7328284
18.87145, -55.50788, 0.7328284
18.87443, -55.50788, 0.7328284
18.87736, -55.50788, 0.7328284
18.88034, -55.50788, 0.7328284
18.88324, -55.50788, 0.7328284
18.88612, -55.50788, 0.7328284
18.88935, -55.50788, 0.7328284
18.89215, -55.50788, 0.7328284
18.89509, -55.50788, 0.7328284
18.89794, -55.50788, 0.7328284
18.90106, -55.50788, 0.7328284
18.90429, -55.50788, 0.7328284
18.90723, -55.50788, 0.7328284
18.91026, -55.50788, 0.7328284
18.9131, -55.50788, 0.7328284
18.91737, -52.54749, 0.6841213
18.92023, -52.54749, 0.6841213
18.92262, -52.54749, 0.6841213
18.92558, -52.54749, 0.6841213
18.92851, -52.54749, 0.6841213
18.93132, -52.54749, 0.6841213
18.93435, -52.54749, 0.6841213
18.93771, -52.54749, 0.6841213
18.94066, -52.54749, 0.6841213
18.94392, -52.54749, 0.6841213
18.94655, -52.54749, 0.6841213
18.94958, -52.54749, 0.6841213
18.95258, -52.54749, 0.6841213
18.95566, -52.54749, 0.6841213
18.95874, -52.54749, 0.6841213
18.96177, -52.54749, 0.6841213
18.96464, -52.54749, 0.6841213
18.96774, -52.54749, 0.6841213
18.9709, -52.54749, 0.6841213
18.97398, -52.54749, 0.6841213
18.97721, -52.54749, 0.6841213
18.98104, -52.54749, 0.6841213
18.98417, -52.54749, 0.6841213
18.98704, -52.54749, 0.6841213
18.98964, -52.54749, 0.6841213
18.99255, -52.54749, 0.6841213
18.99551, -52.54749, 0.6841213
18.99855, -52.54749, 0.6841213
19.00153, -52.54749, 0.6841213
19.00479, -52.54749, 0.6841213
19.00773, -52.54749, 0.6841213
19.01073, -52.54749, 0.6841213
19.01366, -52.54749, 0.6841213
19.01678, -52.54749, 0.6841213
19.0195, -52.54749, 0.6841213
19.02266, -52.54749, 0.6841213
19.02555, -52.54749, 0.6841213
19.02855, -52.54749, 0.6841213
19.03163, -52.54749, 0.6841213
19.03485, -52.54749, 0.6841213
19.03806, -52.54749, 0.6841213
19.04104, -52.54749, 0.6841213
19.04524, -52.54749, 0.6841213
19.0482, -52.54749, 0.6841213
19.05134, -52.54749, 0.6841213
19.05481, -52.54749, 0.6841213
19.0578, -52.54749, 0.6841213
19.06074, -52.54749, 0.6841213
19.06417, -52.54749, 0.6841213
19.06726, -52.54749, 0.6841213
19.07028, -52.54749, 0.6841213
19.07293, -52.54749, 0.6841213
19.07583, -52.54749, 0.6841213
19.07874, -52.54749, 0.6841213
19.08171, -52.54749, 0.6841213
19.08555, -52.54749, 0.6841213
19.09329, -52.54749, 0.6841213
19.09516, -52.54749, 0.6841213
19.0984, -52.54749, 0.6841213
19.10686, -52.54749, 0.6841213
19.11355, -52.54749, 0.6841213
19.11588, -52.54749, 0.6841213
19.12393, -52.54749, 0.6841213
19.12785, -52.54749, 0.6841213
19.13083, -52.54749, 0.6841213
19.13427, -52.54749, 0.6841213
19.14138, -52.54749, 0.6841213
19.14775, -52.54749, 0.6841213
19.15066, -52.54749, 0.6841213
19.15782, -52.54749, 0.6841213
19.16383, -52.54749, 0.6841213
19.16571, -52.54749, 0.6841213
19.17367, -52.54749, 0.6841213
19.18214, -52.54749, 0.6841213
19.18937, -52.54749, 0.6841213
19.19665, -52.54749, 0.6841213
19.19859, -52.54749, 0.6841213
19.20572, -52.54749, 0.6841213
19.21145, -52.54749, 0.6841213
19.21434, -52.54749, 0.6841213
19.21762, -52.54749, 0.6841213
19.22499, -52.54749, 0.6841213
19.22674, -52.54749, 0.6841213
19.22966, -52.54749, 0.6841213
19.23253, -52.54749, 0.6841213
19.23577, -52.54749, 0.6841213
19.23883, -52.54749, 0.6841213
19.24164, -52.54749, 0.6841213
19.2445, -52.54749, 0.6841213
19.24723, -52.54749, 0.6841213
19.24962, -52.54749, 0.6841213
19.25216, -52.54749, 0.6841213
19.25502, -52.54749, 0.6841213
19.25742, -52.54749, 0.6841213
19.26019, -52.54749, 0.6841213
19.26265, -52.54749, 0.6841213
19.26513, -52.54749, 0.6841213
19.26753, -52.54749, 0.6841213
19.27015, -52.54749, 0.6841213
19.27265, -52.54749, 0.6841213
19.27543, -52.54749, 0.6841213
19.27816, -52.54749, 0.6841213
19.28093, -52.54749, 0.6841213
19.28403, -52.54749, 0.6841213
19.28636, -52.54749, 0.6841213
19.2889, -52.54749, 0.6841213
19.2965, -52.54749, 0.6841213
19.30166, -52.54749, 0.6841213
19.30345, -52.54749, 0.6841213
19.30591, -52.54749, 0.6841213
19.30873, -52.54749, 0.6841213
19.31155, -52.54749, 0.6841213
19.31392, -52.54749, 0.6841213
19.31721, -52.54749, 0.6841213
19.31993, -52.54749, 0.6841213
19.32265, -52.54749, 0.6841213
19.32562, -52.54749, 0.6841213
19.32836, -52.54749, 0.6841213
19.33071, -52.54749, 0.6841213
19.33343, -52.54749, 0.6841213
19.33592, -52.54749, 0.6841213
19.33894, -52.54749, 0.6841213
19.34182, -52.54749, 0.6841213
19.34454, -52.54749, 0.6841213
19.34731, -52.54749, 0.6841213
19.35033, -52.54749, 0.6841213
19.35262, -52.54749, 0.6841213
19.35566, -52.54749, 0.6841213
19.35853, -52.54749, 0.6841213
19.36146, -52.54749, 0.6841213
19.36435, -52.54749, 0.6841213
19.36736, -52.54749, 0.6841213
19.37022, -52.54749, 0.6841213
19.37263, -52.54749, 0.6841213
19.37543, -52.54749, 0.6841213
19.37784, -52.54749, 0.6841213
19.38033, -52.54749, 0.6841213
19.38312, -52.54749, 0.6841213
19.38545, -52.54749, 0.6841213
19.38814, -52.54749, 0.6841213
19.39103, -52.54749, 0.6841213
19.39343, -52.54749, 0.6841213
19.39586, -52.54749, 0.6841213
19.39875, -52.54749, 0.6841213
19.40133, -52.54749, 0.6841213
19.40393, -52.54749, 0.6841213
19.40683, -52.54749, 0.6841213
19.40963, -52.54749, 0.6841213
19.41244, -52.54749, 0.6841213
19.41532, -52.54749, 0.6841213
19.41792, -52.54749, 0.6841213
19.42036, -52.54749, 0.6841213
19.42272, -52.54749, 0.6841213
19.42541, -52.54749, 0.6841213
19.42781, -52.54749, 0.6841213
19.43032, -52.54749, 0.6841213
19.43325, -52.54749, 0.6841213
19.43572, -52.54749, 0.6841213
19.43842, -52.54749, 0.6841213
19.44124, -52.54749, 0.6841213
19.44379, -52.54749, 0.6841213
19.44604, -52.54749, 0.6841213
19.44872, -52.54749, 0.6841213
19.45101, -52.54749, 0.6841213
19.4544, -52.54749, 0.6841213
19.45712, -52.54749, 0.6841213
19.46003, -52.54749, 0.6841213
19.46272, -52.54749, 0.6841213
19.46504, -52.54749, 0.6841213
19.46742, -52.54749, 0.6841213
19.46976, -52.54749, 0.6841213
19.47222, -52.54749, 0.6841213
19.4749, -52.54749, 0.6841213
19.47808, -52.54749, 0.6841213
19.48073, -52.54749, 0.6841213
19.48383, -52.54749, 0.6841213
19.48633, -52.54749, 0.6841213
19.48896, -52.54749, 0.6841213
19.49233, -52.54749, 0.6841213
19.49519, -52.54749, 0.6841213
19.49803, -52.54749, 0.6841213
19.50104, -52.54749, 0.6841213
19.50384, -52.54749, 0.6841213
19.50632, -52.54749, 0.6841213
19.50902, -52.54749, 0.6841213
19.51187, -52.54749, 0.6841213
19.51432, -52.54749, 0.6841213
19.51731, -52.54749, 0.6841213
19.5197, -52.54749, 0.6841213
19.52224, -52.54749, 0.6841213
19.52513, -52.54749, 0.6841213
19.5279, -52.54749, 0.6841213
19.53033, -52.54749, 0.6841213
19.53323, -52.54749, 0.6841213
19.53603, -52.54749, 0.6841213
19.53893, -52.54749, 0.6841213
19.54142, -52.54749, 0.6841213
19.54384, -52.54749, 0.6841213
19.54623, -52.54749, 0.6841213
19.54902, -52.54749, 0.6841213
19.55142, -52.54749, 0.6841213
19.55402, -52.54749, 0.6841213
19.55641, -52.54749, 0.6841213
19.55884, -52.54749, 0.6841213
19.56112, -52.54749, 0.6841213
19.5634, -52.54749, 0.6841213
19.56644, -52.54749, 0.6841213
19.56899, -52.54749, 0.6841213
19.57173, -52.54749, 0.6841213
19.57442, -52.54749, 0.6841213
19.57727, -52.54749, 0.6841213
19.57965, -52.54749, 0.6841213
19.58282, -52.54749, 0.6841213
19.5906, -52.54749, 0.6841213
19.59234, -52.54749, 0.6841213
19.59505, -52.54749, 0.6841213
19.59858, -52.54749, 0.6841213
19.60773, -52.54749, 0.6841213
19.61516, -52.54749, 0.6841213
19.62258, -52.54749, 0.6841213
19.62432, -52.54749, 0.6841213
19.62743, -52.54749, 0.6841213
19.63048, -52.54749, 0.6841213
19.63377, -52.54749, 0.6841213
19.64146, -52.54749, 0.6841213
19.65013, -52.54749, 0.6841213
19.65685, -52.54749, 0.6841213
19.65877, -52.54749, 0.6841213
19.66197, -49.50765, 0.8913803
19.66484, -49.50765, 0.8913803
19.66749, -49.50765, 0.8913803
19.67911, -49.50765, 0.8913803
19.68333, -49.77526, 0.8637911
19.69073, -49.77526, 0.8637911
19.69245, -49.77526, 0.8637911
19.69527, -49.77526, 0.8637911
19.69813, -49.77526, 0.8637911
19.70129, -49.77526, 0.8637911
19.70928, -48.50771, 0.8500748
19.71563, -48.50771, 0.8500748
19.7227, -48.50771, 0.8500748
19.72581, -50.66824, 0.8390162
19.73331, -50.66824, 0.8390162
19.73981, -50.66824, 0.8390162
19.74516, -50.66824, 0.8390162
19.74915, -52.71806, 0.8601409
19.75591, -52.71806, 0.8601409
19.75753, -52.71806, 0.8601409
19.76058, -52.71806, 0.8601409
19.76335, -52.71806, 0.8601409
19.76626, -52.71806, 0.8601409
19.76908, -52.60981, 0.916726
19.77223, -52.60981, 0.916726
19.77513, -52.60981, 0.916726
19.77795, -52.60981, 0.916726
19.78084, -52.60981, 0.916726
19.78428, -52.60981, 0.916726
19.79138, -52.60981, 0.916726
19.79516, -53.43828, 0.9389044
19.79793, -53.43828, 0.9389044
19.80071, -53.43828, 0.9389044
19.80342, -53.43828, 0.9389044
19.80612, -53.43828, 0.9389044
19.80875, -53.43828, 0.9389044
19.81167, -55.22707, 0.887046
19.81448, -55.22707, 0.887046
19.81764, -55.22707, 0.887046
19.82067, -55.22707, 0.887046
19.82363, -55.22707, 0.887046
19.82656, -55.22707, 0.887046
19.82938, -55.22707, 0.887046
19.83211, -55.22707, 0.887046
19.83474, -55.22707, 0.887046
19.8379, -55.22707, 0.887046
19.84084, -55.22707, 0.887046
19.84384, -55.22707, 0.887046
19.84654, -55.22707, 0.887046
19.84956, -55.22707, 0.887046
19.8529, -55.22707, 0.887046
19.85553, -55.22707, 0.887046
19.85834, -55.22707, 0.887046
19.86125, -55.22707, 0.887046
19.86427, -55.22707, 0.887046
19.86725, -55.22707, 0.887046
19.87012, -55.22707, 0.887046
19.87315, -55.22707, 0.887046
19.87595, -55.22707, 0.887046
19.87884, -55.22707, 0.887046
19.88162, -55.22707, 0.887046
19.88416, -55.22707, 0.887046
19.88713, -55.22707, 0.887046
19.88954, -55.22707, 0.887046
19.89234, -55.22707, 0.887046
19.89527, -55.22707, 0.887046
19.89804, -55.22707, 0.887046
19.90114, -55.22707, 0.887046
19.9046, -55.22707, 0.887046
19.90735, -55.22707, 0.887046
19.91023, -55.22707, 0.887046
19.91302, -55.22707, 0.887046
19.91595, -55.22707, 0.887046
19.91884, -55.22707, 0.887046
19.92202, -55.22707, 0.887046
19.92494, -55.22707, 0.887046
19.92789, -55.22707, 0.887046
19.93066, -55.22707, 0.887046
19.93385, -55.22707, 0.887046
19.9368, -55.22707, 0.887046
19.94041, -55.22707, 0.887046
19.94335, -55.22707, 0.887046
19.94627, -55.22707, 0.887046
19.94925, -55.22707, 0.887046
19.95218, -55.22707, 0.887046
19.95536, -55.22707, 0.887046
19.95827, -55.22707, 0.887046
19.96142, -55.22707, 0.887046
19.96415, -55.22707, 0.887046
19.96717, -55.22707, 0.887046
19.96996, -55.22707, 0.887046
19.97255, -55.22707, 0.887046
19.97533, -55.22707, 0.887046
19.97821, -55.22707, 0.887046
19.98173, -55.22707, 0.887046
19.98454, -55.22707, 0.887046
19.98743, -55.22707, 0.887046
19.98994, -55.22707, 0.887046
19.99315, -55.22707, 0.887046
19.99595, -55.22707, 0.887046
19.99893, -55.22707, 0.887046
20.00223, -55.22707, 0.887046
20.00516, -55.22707, 0.887046
20.00805, -55.22707, 0.887046
20.011, -55.22707, 0.887046
20.01396, -55.22707, 0.887046
20.01737, -55.22707, 0.887046
20.02338, -55.22707, 0.887046
20.03041, -55.22707, 0.887046
20.03205, -55.22707, 0.887046
20.03465, -55.22707, 0.887046
20.03755, -55.22707, 0.887046
20.04014, -55.22707, 0.887046
20.04295, -55.22707, 0.887046
20.04654, -55.22707, 0.887046
20.04952, -55.22707, 0.887046
20.05252, -55.22707, 0.887046
20.05568, -55.22707, 0.887046
20.05866, -55.22707, 0.887046
20.06157, -55.22707, 0.887046
20.06436, -55.22707, 0.887046
20.06725, -55.22707, 0.887046
20.07469, -55.22707, 0.887046
20.07644, -55.22707, 0.887046
20.07955, -55.22707, 0.887046
20.08232, -55.22707, 0.887046
20.08503, -55.22707, 0.887046
20.08801, -55.22707, 0.887046
20.09075, -55.22707, 0.887046
20.09392, -55.22707, 0.887046
20.09633, -55.22707, 0.887046
20.09912, -55.22707, 0.887046
20.10176, -55.22707, 0.887046
20.10494, -55.22707, 0.887046
20.10834, -55.22707, 0.887046
20.11123, -55.22707, 0.887046
20.11408, -55.22707, 0.887046
20.11704, -55.22707, 0.887046
20.11987, -55.22707, 0.887046
20.12294, -55.22707, 0.887046
20.12725, -55.22707, 0.887046
20.13015, -55.22707, 0.887046
20.13324, -55.22707, 0.887046
20.13616, -55.22707, 0.887046
20.13909, -55.22707, 0.887046
20.14195, -55.22707, 0.887046
20.14483, -55.22707, 0.887046
20.14776, -55.22707, 0.887046
20.15076, -55.22707, 0.887046
20.15388, -55.22707, 0.887046
20.15645, -55.22707, 0.887046
20.15936, -55.22707, 0.887046
20.16245, -55.22707, 0.887046
20.16525, -55.22707, 0.887046
20.16805, -55.22707, 0.887046
20.17119, -55.22707, 0.887046
20.17479, -55.22707, 0.887046
20.17754, -55.22707, 0.887046
20.18055, -55.22707, 0.887046
20.18344, -55.22707, 0.887046
20.1864, -55.22707, 0.887046
20.18892, -55.22707, 0.887046
20.19184, -55.22707, 0.887046
20.19461, -55.22707, 0.887046
20.19765, -55.22707, 0.887046
20.20074, -55.22707, 0.887046
20.20384, -55.22707, 0.887046
20.20674, -55.22707, 0.887046
20.20979, -55.22707, 0.887046
20.21275, -55.22707, 0.887046
20.21584, -52.36282, 0.781237
20.21917, -52.36282, 0.781237
20.22238, -52.36282, 0.781237
20.22526, -52.36282, 0.781237
20.22821, -52.36282, 0.781237
20.23114, -52.36282, 0.781237
20.23437, -52.36282, 0.781237
20.23819, -52.36282, 0.781237
20.24104, -52.36282, 0.781237
20.24409, -52.36282, 0.781237
20.24697, -52.36282, 0.781237
20.24984, -52.36282, 0.781237
20.25278, -52.36282, 0.781237
20.25583, -52.36282, 0.781237
20.25877, -52.36282, 0.781237
20.26167, -52.36282, 0.781237
20.26454, -52.36282, 0.781237
20.26753, -52.36282, 0.781237
20.2707, -52.36282, 0.781237
20.27325, -52.36282, 0.781237
20.27604, -52.36282, 0.781237
20.27893, -52.36282, 0.781237
20.28187, -52.36282, 0.781237
20.28443, -52.36282, 0.781237
20.28772, -52.36282, 0.781237
20.29075, -52.36282, 0.781237
20.29388, -52.36282, 0.781237
20.29665, -52.36282, 0.781237
20.29966, -52.36282, 0.781237
20.30329, -52.36282, 0.781237
20.30607, -52.36282, 0.781237
20.30904, -52.36282, 0.781237
20.31181, -52.36282, 0.781237
20.31474, -52.36282, 0.781237
20.31786, -52.36282, 0.781237
20.32135, -52.36282, 0.781237
20.32456, -52.36282, 0.781237
20.32747, -52.36282, 0.781237
20.33059, -52.36282, 0.781237
20.33376, -52.36282, 0.781237
20.3367, -52.36282, 0.781237
20.33975, -52.36282, 0.781237
20.34277, -52.36282, 0.781237
20.34571, -52.36282, 0.781237
20.34844, -52.36282, 0.781237
20.35124, -52.36282, 0.781237
20.3544, -52.36282, 0.781237
20.35734, -52.36282, 0.781237
20.36025, -52.36282, 0.781237
20.36295, -52.36282, 0.781237
20.36678, -52.36282, 0.781237
20.3697, -52.36282, 0.781237
20.37237, -52.36282, 0.781237
20.37537, -52.36282, 0.781237
20.3784, -52.36282, 0.781237
20.38136, -52.36282, 0.781237
20.38456, -52.36282, 0.781237
20.38774, -52.36282, 0.781237
20.39075, -52.36282, 0.781237
20.39415, -52.36282, 0.781237
20.39634, -52.36282, 0.781237
20.3995, -52.36282, 0.781237
20.40248, -52.36282, 0.781237
20.40545, -52.36282, 0.781237
20.40876, -52.36282, 0.781237
20.41172, -52.36282, 0.781237
20.41459, -52.36282, 0.781237
20.4177, -52.36282, 0.781237
20.42049, -52.36282, 0.781237
20.42353, -52.36282, 0.781237
20.42666, -52.36282, 0.781237
20.43053, -52.36282, 0.781237
20.434, -52.36282, 0.781237
20.43692, -52.36282, 0.781237
20.43956, -52.36282, 0.781237
20.44259, -52.36282, 0.781237
20.44543, -52.36282, 0.781237
20.44835, -52.36282, 0.781237
20.45146, -52.36282, 0.781237
20.45459, -52.36282, 0.781237
20.45866, -52.36282, 0.781237
20.46432, -52.36282, 0.781237
20.46678, -52.36282, 0.781237
20.47402, -52.36282, 0.781237
20.47742, -52.36282, 0.781237
20.48002, -52.36282, 0.781237
20.48317, -52.36282, 0.781237
20.48612, -52.36282, 0.781237
20.48931, -52.36282, 0.781237
20.49272, -52.36282, 0.781237
20.49549, -52.36282, 0.781237
20.49825, -52.36282, 0.781237
20.50131, -52.36282, 0.781237
20.50452, -52.36282, 0.781237
20.50756, -52.36282, 0.781237
20.51058, -52.36282, 0.781237
20.51375, -52.36282, 0.781237
20.51694, -52.36282, 0.781237
20.51973, -52.36282, 0.781237
20.52234, -52.36282, 0.781237
20.52534, -52.36282, 0.781237
20.52805, -52.36282, 0.781237
20.53116, -52.36282, 0.781237
20.53361, -52.36282, 0.781237
20.53671, -52.36282, 0.781237
20.53967, -52.36282, 0.781237
20.54278, -52.36282, 0.781237
20.5456, -52.36282, 0.781237
20.54855, -52.36282, 0.781237
20.55145, -52.36282, 0.781237
20.55473, -52.36282, 0.781237
20.55854, -52.36282, 0.781237
20.56139, -52.36282, 0.781237
20.56383, -52.36282, 0.781237
20.56676, -52.36282, 0.781237
20.56975, -52.36282, 0.781237
20.57264, -52.36282, 0.781237
20.57555, -52.36282, 0.781237
20.57928, -52.36282, 0.781237
20.58204, -52.36282, 0.781237
20.58463, -52.36282, 0.781237
20.58788, -52.36282, 0.781237
20.59085, -52.36282, 0.781237
20.59386, -52.36282, 0.781237
20.59663, -52.36282, 0.781237
20.60012, -52.36282, 0.781237
20.60304, -52.36282, 0.781237
20.60583, -52.36282, 0.781237
20.60884, -52.36282, 0.781237
20.61173, -52.36282, 0.781237
20.61478, -52.36282, 0.781237
20.61793, -52.36282, 0.781237
20.62083, -52.36282, 0.781237
20.62331, -52.36282, 0.781237
20.62627, -52.36282, 0.781237
20.62923, -52.36282, 0.781237
20.63202, -52.36282, 0.781237
20.63484, -52.36282, 0.781237
20.63802, -52.36282, 0.781237
20.64084, -52.36282, 0.781237
20.64404, -52.36282, 0.781237
20.64716, -52.36282, 0.781237
20.65019, -52.36282, 0.781237
20.65305, -52.36282, 0.781237
20.65596, -52.36282, 0.781237
20.65907, -52.36282, 0.781237
20.66194, -52.36282, 0.781237
20.66484, -52.36282, 0.781237
20.66815, -52.36282, 0.781237
20.67151, -52.36282, 0.781237
20.67449, -52.36282, 0.781237
20.67753, -52.36282, 0.781237
20.68054, -52.36282, 0.781237
20.68355, -52.36282, 0.781237
20.68737, -52.36282, 0.781237
20.68995, -52.36282, 0.781237
20.69309, -52.36282, 0.781237
20.69591, -52.36282, 0.781237
20.69876, -52.36282, 0.781237
20.70144, -52.36282, 0.781237
20.70468, -52.36282, 0.781237
20.70776, -52.36282, 0.781237
20.71078, -52.36282, 0.781237
20.71375, -52.36282, 0.781237
20.71664, -52.36282, 0.781237
20.71978, -52.36282, 0.781237
20.72278, -52.36282, 0.781237
20.72565, -52.36282, 0.781237
20.72872, -52.36282, 0.781237
20.73156, -52.36282, 0.781237
20.73437, -52.36282, 0.781237
20.73729, -52.36282, 0.781237
20.73993, -52.36282, 0.781237
20.74297, -52.36282, 0.781237
20.74639, -52.36282, 0.781237
20.75046, -52.36282, 0.781237
20.75342, -52.36282, 0.781237
20.75618, -52.36282, 0.781237
20.7589, -52.36282, 0.781237
20.7619, -52.36282, 0.781237
20.76488, -52.36282, 0.781237
20.76783, -52.36282, 0.781237
20.7714, -52.36282, 0.781237
20.77395, -52.36282, 0.781237
20.7772, -52.36282, 0.781237
20.7802, -52.36282, 0.781237
20.78255, -52.36282, 0.781237
20.78524, -52.36282, 0.781237
20.78839, -52.36282, 0.781237
20.79186, -52.36282, 0.781237
20.79492, -52.36282, 0.781237
20.79791, -52.36282, 0.781237
20.80084, -52.36282, 0.781237
20.8039, -52.36282, 0.781237
20.80631, -52.36282, 0.781237
20.80925, -52.36282, 0.781237
20.81243, -52.36282, 0.781237
20.81494, -52.36282, 0.781237
20.81794, -52.36282, 0.781237
20.82129, -52.36282, 0.781237
20.82343, -52.36282, 0.781237
20.82648, -52.36282, 0.781237
20.82971, -52.36282, 0.781237
20.83223, -52.36282, 0.781237
20.83527, -52.36282, 0.781237
20.83838, -52.36282, 0.781237
20.84105, -52.36282, 0.781237
20.84442, -52.36282, 0.781237
20.84693, -52.36282, 0.781237
20.85004, -52.36282, 0.781237
20.85317, -52.36282, 0.781237
20.8568, -52.36282, 0.781237
20.85964, -52.36282, 0.781237
20.8629, -52.36282, 0.781237
20.86547, -52.36282, 0.781237
20.86824, -52.36282, 0.781237
20.87131, -52.36282, 0.781237
20.87962, -52.36282, 0.781237
20.88154, -52.36282, 0.781237
20.8849, -52.36282, 0.781237
20.88803, -52.36282, 0.781237
20.89095, -52.36282, 0.781237
20.89384, -52.36282, 0.781237
20.89686, -52.36282, 0.781237
20.89976, -52.36282, 0.781237
20.90271, -52.36282, 0.781237
20.90575, -52.36282, 0.781237
20.90855, -52.36282, 0.781237
20.91147, -52.36282, 0.781237
20.91425, -52.36282, 0.781237
20.91745, -52.36282, 0.781237
20.92114, -52.36282, 0.781237
20.92385, -52.36282, 0.781237
20.92665, -52.36282, 0.781237
20.92949, -52.36282, 0.781237
20.93244, -52.36282, 0.781237
20.93555, -52.36282, 0.781237
20.93843, -52.36282, 0.781237
20.94155, -52.36282, 0.781237
20.94437, -52.36282, 0.781237
20.94759, -52.36282, 0.781237
20.95065, -52.36282, 0.781237
20.9536, -52.36282, 0.781237
20.95624, -52.36282, 0.781237
20.95926, -52.36282, 0.781237
20.96225, -52.36282, 0.781237
20.96505, -52.36282, 0.781237
20.96804, -52.36282, 0.781237
20.97129, -52.36282, 0.781237
20.97425, -52.36282, 0.781237
20.97732, -52.36282, 0.781237
20.98035, -52.36282, 0.781237
20.98355, -52.36282, 0.781237
20.98646, -52.36282, 0.781237
20.98924, -52.36282, 0.781237
20.99224, -52.36282, 0.781237
20.99533, -52.36282, 0.781237
20.99814, -52.36282, 0.781237
21.00104, -52.36282, 0.781237
21.00497, -52.36282, 0.781237
21.00786, -52.36282, 0.781237
21.0108, -52.36282, 0.781237
21.01374, -52.36282, 0.781237
21.01676, -52.36282, 0.781237
21.01971, -52.36282, 0.781237
21.02284, -52.36282, 0.781237
21.02607, -52.36282, 0.781237
21.02889, -52.36282, 0.781237
21.03158, -52.36282, 0.781237
21.03444, -52.36282, 0.781237
21.03761, -52.36282, 0.781237
21.04065, -52.36282, 0.781237
21.04399, -52.36282, 0.781237
21.04764, -52.36282, 0.781237
21.05064, -52.36282, 0.781237
21.05354, -52.36282, 0.781237
21.05606, -52.36282, 0.781237
21.05904, -52.36282, 0.781237
21.06202, -52.36282, 0.781237
21.06495, -52.36282, 0.781237
21.06807, -52.36282, 0.781237
21.07126, -52.36282, 0.781237
21.07427, -52.36282, 0.781237
21.07724, -52.36282, 0.781237
21.0804, -52.36282, 0.781237
21.08407, -52.36282, 0.781237
21.08663, -52.36282, 0.781237
21.08952, -52.36282, 0.781237
21.09374, -52.36282, 0.781237
21.09723, -52.36282, 0.781237
21.10177, -52.36282, 0.781237
21.10576, -52.36282, 0.781237
21.10979, -52.36282, 0.781237
21.11428, -52.36282, 0.781237
21.11824, -52.36282, 0.781237
21.12224, -52.36282, 0.781237
21.12604, -52.36282, 0.781237
21.12959, -52.36282, 0.781237
21.13372, -52.36282, 0.781237
21.13798, -52.36282, 0.781237
21.14173, -52.36282, 0.781237
21.14547, -52.36282, 0.781237
21.14914, -52.36282, 0.781237
21.15516, -52.36282, 0.781237
21.15895, -52.36282, 0.781237
21.16254, -52.36282, 0.781237
21.16554, -52.36282, 0.781237
21.16836, -52.36282, 0.781237
21.17148, -52.36282, 0.781237
21.17436, -52.36282, 0.781237
21.17745, -52.36282, 0.781237
21.18029, -52.36282, 0.781237
21.18328, -52.36282, 0.781237
21.1862, -52.36282, 0.781237
21.18921, -52.36282, 0.781237
21.19203, -52.36282, 0.781237
21.19493, -52.36282, 0.781237
21.19778, -52.36282, 0.781237
21.20085, -52.36282, 0.781237
21.20363, -52.36282, 0.781237
21.20624, -52.36282, 0.781237
21.20892, -52.36282, 0.781237
21.21189, -52.36282, 0.781237
21.21478, -52.36282, 0.781237
21.21755, -52.36282, 0.781237
21.22046, -52.36282, 0.781237
21.22317, -52.36282, 0.781237
21.22595, -52.36282, 0.781237
21.22905, -52.36282, 0.781237
21.23194, -52.36282, 0.781237
21.23475, -52.36282, 0.781237
21.23781, -52.36282, 0.781237
21.24134, -52.36282, 0.781237
21.2441, -52.36282, 0.781237
21.24738, -52.36282, 0.781237
21.25016, -52.36282, 0.781237
21.2531, -52.36282, 0.781237
21.25602, -52.36282, 0.781237
21.25866, -52.36282, 0.781237
21.26158, -52.36282, 0.781237
21.26443, -52.36282, 0.781237
21.26695, -52.36282, 0.781237
21.26982, -52.36282, 0.781237
21.27261, -52.36282, 0.781237
21.27544, -52.36282, 0.781237
21.27819, -52.36282, 0.781237
21.28121, -52.36282, 0.781237
21.28403, -52.36282, 0.781237
21.28685, -52.36282, 0.781237
21.28993, -52.36282, 0.781237
21.29257, -52.36282, 0.781237
21.29571, -52.36282, 0.781237
21.30207, -52.36282, 0.781237
21.30631, -52.36282, 0.781237
21.30883, -52.36282, 0.781237
21.31183, -52.36282, 0.781237
21.3146, -52.36282, 0.781237
21.31786, -52.36282, 0.781237
21.32114, -52.36282, 0.781237
21.32404, -52.36282, 0.781237
21.32721, -52.36282, 0.781237
21.32951, -52.36282, 0.781237
21.33232, -52.36282, 0.781237
21.33503, -52.36282, 0.781237
21.33858, -52.36282, 0.781237
21.34104, -52.36282, 0.781237
21.34397, -52.36282, 0.781237
21.34674, -52.36282, 0.781237
21.34972, -52.36282, 0.781237
21.35285, -52.36282, 0.781237
21.35583, -52.36282, 0.781237
21.35873, -52.36282, 0.781237
21.3616, -52.36282, 0.781237
21.36457, -52.36282, 0.781237
21.36836, -52.36282, 0.781237
21.37151, -52.36282, 0.781237
21.37423, -52.36282, 0.781237
21.37717, -52.36282, 0.781237
21.38004, -52.36282, 0.781237
21.38283, -52.36282, 0.781237
21.38602, -52.36282, 0.781237
21.38932, -52.36282, 0.781237
21.39184, -52.36282, 0.781237
21.39472, -52.36282, 0.781237
21.39762, -52.36282, 0.781237
21.40075, -52.36282, 0.781237
21.40364, -52.36282, 0.781237
21.40623, -52.36282, 0.781237
21.40893, -52.36282, 0.781237
21.41266, -52.36282, 0.781237
21.41512, -52.36282, 0.781237
21.41762, -52.36282, 0.781237
21.42134, -52.36282, 0.781237
21.42365, -52.36282, 0.781237
21.42644, -52.36282, 0.781237
21.42985, -52.36282, 0.781237
21.43355, -52.36282, 0.781237
21.43649, -52.36282, 0.781237
21.43909, -52.36282, 0.781237
21.44185, -52.36282, 0.781237
21.44506, -52.36282, 0.781237
21.44801, -52.36282, 0.781237
21.45105, -52.36282, 0.781237
21.45402, -52.36282, 0.781237
21.457, -52.36282, 0.781237
21.46005, -52.36282, 0.781237
21.46278, -52.36282, 0.781237
21.46564, -52.36282, 0.781237
21.46836, -52.36282, 0.781237
21.47192, -52.36282, 0.781237
21.48461, -52.36282, 0.781237
21.4884, -52.36282, 0.781237
21.49135, -52.36282, 0.781237
21.49469, -52.36282, 0.781237
21.49905, -52.36282, 0.781237
21.50169, -52.36282, 0.781237
21.50443, -52.36282, 0.781237
21.50698, -52.36282, 0.781237
21.50997, -52.36282, 0.781237
21.51275, -52.36282, 0.781237
21.51565, -52.36282, 0.781237
21.51893, -52.36282, 0.781237
21.52163, -52.36282, 0.781237
21.52452, -52.36282, 0.781237
21.52765, -52.36282, 0.781237
21.53013, -52.36282, 0.781237
21.53312, -52.36282, 0.781237
21.53623, -52.36282, 0.781237
21.53925, -52.36282, 0.781237
21.54226, -52.36282, 0.781237
21.54504, -52.36282, 0.781237
21.54784, -52.36282, 0.781237
21.55092, -52.36282, 0.781237
21.55377, -52.36282, 0.781237
21.55683, -52.36282, 0.781237
21.56059, -52.36282, 0.781237
21.56313, -52.36282, 0.781237
21.56606, -52.36282, 0.781237
21.56888, -52.36282, 0.781237
21.57205, -52.36282, 0.781237
21.57483, -52.36282, 0.781237
21.57769, -52.36282, 0.781237
21.59347, -52.36282, 0.781237
21.6048, -52.36282, 0.781237
21.60894, -52.36282, 0.781237
21.61195, -52.36282, 0.781237
21.61496, -52.36282, 0.781237
21.61806, -52.36282, 0.781237
21.62095, -52.36282, 0.781237
21.62446, -52.36282, 0.781237
21.62736, -52.36282, 0.781237
21.63024, -52.36282, 0.781237
21.63314, -52.36282, 0.781237
21.63599, -52.36282, 0.781237
21.63918, -52.36282, 0.781237
21.64182, -52.36282, 0.781237
21.64466, -52.36282, 0.781237
21.64702, -52.36282, 0.781237
21.65006, -52.36282, 0.781237
21.65293, -52.36282, 0.781237
21.65595, -52.36282, 0.781237
21.65884, -52.36282, 0.781237
21.66165, -52.36282, 0.781237
21.66453, -52.36282, 0.781237
21.66784, -52.36282, 0.781237
21.67111, -52.36282, 0.781237
21.67407, -52.36282, 0.781237
21.67721, -52.36282, 0.781237
21.67966, -52.36282, 0.781237
21.68253, -52.36282, 0.781237
21.68552, -52.36282, 0.781237
21.68854, -52.36282, 0.781237
21.69165, -52.36282, 0.781237
21.69453, -52.36282, 0.781237
21.69746, -52.36282, 0.781237
21.70045, -52.36282, 0.781237
21.71056, -52.36282, 0.781237
